ts,open,high,low,close,volume,quote_vol,trades,tbv,tbqv
1713312000000,63793.40000000,64499.00000000,59678.16000000,61277.37000000,50610.54509000,3128625247.47385340,2458327,24346.74671000,1506361259.70135830
1713398400000,61277.38000000,64117.09000000,60803.35000000,63470.08000000,43601.60918000,2726741448.88680220,2142511,20870.20705000,1305027167.93950820
1713484800000,63470.09000000,65450.00000000,59600.01000000,63818.01000000,69774.30271000,4419893235.18328730,2828284,34941.50216000,2214809735.24024150
1713571200000,63818.01000000,65419.00000000,63090.07000000,64940.59000000,23137.42975000,1486949581.43947920,1376712,11811.84440000,759077474.29729040
1713657600000,64940.58000000,65695.56000000,64237.50000000,64941.15000000,19316.42152000,1254396628.15317660,1390153,9734.71767000,632257865.00824990
1713744000000,64941.15000000,67232.35000000,64500.00000000,66819.32000000,31397.99371000,2071690434.97655200,1816591,16466.05497000,1086399264.60922710
1713830400000,66819.32000000,67183.01000000,65765.81000000,66414.00000000,22599.90004000,1502139968.71988170,1433915,10854.17402000,721404825.84704100
1713916800000,66414.00000000,67070.43000000,63606.06000000,64289.59000000,33595.69637000,2195714861.65765590,1784897,16899.50969000,1104368114.10586980
1714003200000,64289.58000000,65297.94000000,62794.00000000,64498.34000000,31341.46338000,2007704069.26227290,1375324,14808.62959000,948738136.26843800
1714089600000,64498.33000000,64820.01000000,63297.48000000,63770.01000000,27085.19346000,1736631357.35373870,1025561,13570.23647000,870093757.51889900
1714176000000,63770.00000000,63923.41000000,62391.24000000,63461.98000000,20933.06052000,1320337707.78711590,912422,9903.95325000,624733409.21128790
1714262400000,63461.98000000,64370.00000000,62781.00000000,63118.62000000,16949.20005000,1078450016.47322960,790652,7941.33811000,505261267.56950520
1714348800000,63118.62000000,64228.35000000,61765.53000000,63866.00000000,28150.22947000,1765038324.68372130,1152296,13986.59437000,877053322.30799690
1714435200000,63866.00000000,64734.00000000,59191.60000000,60672.00000000,54947.65535000,3372142467.43225250,1985671,26385.41614000,1620421850.57869910
1714521600000,60672.01000000,60841.63000000,56552.82000000,58364.97000000,81166.46823000,4705572361.74020020,2401089,38203.57377000,2213404278.59001090
1714608000000,58364.97000000,59625.00000000,56911.84000000,59060.61000000,47583.81961000,2778840305.05057860,1572898,23240.75370000,1356148775.88673650
1714694400000,59060.60000000,63333.00000000,58811.32000000,62882.01000000,43628.40143000,2658193708.34790420,1558661,22145.44334000,1349687455.59576090
1714780800000,62882.01000000,64540.00000000,62541.03000000,63892.04000000,24368.69282000,1547468697.87657970,1113509,12671.20599000,804768764.30625010
1714867200000,63892.03000000,64646.00000000,62822.17000000,64012.00000000,18526.75029000,1182572239.53061830,992921,8954.93439000,571783428.23947070
1714953600000,64012.00000000,65500.00000000,62700.00000000,63165.19000000,34674.91949000,2218131198.46613250,1392557,17179.56031000,1099303474.28052170
1715040000000,63165.18000000,64422.41000000,62261.00000000,62312.08000000,25598.79472000,1624531631.59237700,1272898,12502.38281000,793575994.21410250
1715126400000,62312.07000000,63020.22000000,60888.00000000,61193.03000000,26121.19004000,1623561041.12551880,1415152,12669.58179000,787749415.54808140
1715212800000,61193.03000000,63429.03000000,60630.00000000,63074.01000000,30660.80610000,1895849912.77347550,1381957,15120.01471000,935341755.67823540
1715299200000,63074.00000000,63469.13000000,60187.12000000,60799.99000000,36529.34025000,2255550468.41385220,1500643,18066.83174000,1116494638.28048920
1715385600000,60799.99000000,61515.00000000,60487.09000000,60825.99000000,13374.56936000,814928013.45732880,753281,6223.09555000,379263096.21513300
1715472000000,60825.99000000,61888.00000000,60610.00000000,61483.99000000,12753.13236000,781041632.46238350,727113,6416.91108000,393132351.88839250
1715558400000,61484.00000000,63450.00000000,60749.21000000,62940.08000000,32733.41839000,2041896626.61081470,1371433,16717.90863000,1043060982.35746010
1715644800000,62940.09000000,63118.36000000,61142.77000000,61577.49000000,29088.72041000,1800171876.16766540,1127939,13815.81443000,855088066.21248800
1715731200000,61577.49000000,66444.16000000,61319.47000000,66206.50000000,43559.74719000,2794259631.89104640,1729454,21797.84094000,1398781701.44138860
1715817600000,66206.51000000,66752.01000000,64602.77000000,65235.21000000,31106.36710000,2045507646.82938490,1269793,15645.11263000,1028962305.10438390
1715904000000,65235.21000000,67451.20000000,65106.38000000,67024.00000000,26292.23409000,1745971822.34474550,1117254,13301.09525000,883129353.16334290
1715990400000,67024.00000000,67400.01000000,66600.00000000,66915.20000000,14441.25774000,967145944.68353170,734067,6911.13424000,462859253.58791080
1716076800000,66915.20000000,67700.00000000,65857.25000000,66274.01000000,18025.30409000,1204989222.87686860,823729,8692.17507000,581378180.33745970
1716163200000,66274.00000000,71515.56000000,66060.31000000,71446.62000000,50816.70110000,3485474763.75229410,1930939,26792.52994000,1839346667.54078900
1716249600000,71446.62000000,71979.00000000,69162.94000000,70148.34000000,49607.43360000,3509345769.23360780,2137448,24686.27911000,1746693652.32872200
1716336000000,70148.34000000,70666.00000000,68842.19000000,69166.62000000,27673.18026000,1931700812.30321440,1371973,13124.78731000,916344293.91047570
1716422400000,69166.62000000,70096.12000000,66312.16000000,67969.65000000,40513.17374000,2766790260.78860240,1827855,19791.15119000,1351640092.58136590
1716508800000,67969.66000000,69250.00000000,66600.12000000,68549.99000000,28095.83664000,1906438696.71560120,1165907,14344.29889000,973457354.69577570
1716595200000,68549.99000000,69610.00000000,68500.00000000,69290.57000000,12130.39418000,837339788.98389610,703803,5851.95991000,403954862.66947920
1716681600000,69290.56000000,69562.23000000,68128.01000000,68507.67000000,11872.11797000,818914878.99088980,722849,5934.62083000,409411078.54609240
1716768000000,68507.67000000,70687.56000000,68250.00000000,69436.43000000,23136.92737000,1604722197.83740280,1219341,11709.62174000,812172288.25763730
1716854400000,69436.43000000,69591.81000000,67277.91000000,68398.39000000,32622.97042000,2224860225.79922270,1459351,15543.09776000,1059920452.31461710
1716940800000,68398.40000000,68935.68000000,67124.65000000,67652.42000000,23159.83149000,1573095221.64839840,1221044,11748.55954000,797928379.36691790
1717027200000,67652.41000000,69500.00000000,67128.00000000,68352.17000000,28478.21840000,1945001081.52158660,1272851,14074.36655000,961595245.17878340
1717113600000,68352.17000000,69044.10000000,66670.00000000,67540.01000000,26690.32184000,1812659052.24967660,1177860,13258.10182000,900414200.11617690
1717200000000,67540.01000000,67900.00000000,67428.44000000,67766.85000000,8837.66133000,598305207.99320460,638484,4235.27045000,286752060.40289290
1717286400000,67766.84000000,68460.00000000,67257.47000000,67765.63000000,15426.32529000,1046827665.38293130,812348,7760.23377000,526768921.12622220
1717372800000,67765.62000000,70288.00000000,67612.48000000,68809.90000000,29633.37400000,2047757076.22683570,1253789,15308.67275000,1058024704.35337320
1717459200000,68809.89000000,71063.45000000,68567.32000000,70537.84000000,29619.78489000,2069902136.99324010,1254515,14922.96734000,1043071241.62848080
1717545600000,70537.83000000,71758.00000000,70383.66000000,71108.00000000,28703.18082000,2040073765.86763960,1055115,14210.23392000,1010053925.79108140
1717632000000,71108.00000000,71700.00000000,70117.64000000,70799.06000000,21842.00449000,1551467659.15429660,900226,10287.39110000,730849194.23039900
1717718400000,70799.06000000,71997.02000000,68420.00000000,69355.60000000,35598.45045000,2507250591.33297820,1516415,17318.78051000,1220810920.34443310
1717804800000,69355.60000000,69582.20000000,69168.02000000,69310.46000000,9773.82967000,678267390.53103880,714103,4772.23036000,331182466.90034250
1717891200000,69310.46000000,69857.14000000,69130.24000000,69648.14000000,9890.56709000,687344656.07255660,575583,4883.69296000,339405376.08154470
1717977600000,69648.15000000,70195.94000000,69172.29000000,69540.00000000,17122.66941000,1192466549.96912270,936731,8412.00246000,585909223.77581300
1718064000000,69540.00000000,69590.01000000,66051.00000000,67314.24000000,41436.01588000,2793799020.46912430,1782415,19839.82320000,1337254654.99899240
1718150400000,67314.23000000,69999.00000000,66905.00000000,68263.99000000,37175.32356000,2550285139.18437200,1670745,18975.89081000,1302069589.64168150
1718236800000,68263.98000000,68449.30000000,66251.78000000,66773.01000000,29079.55571000,1958897960.91729170,1518202,13886.14007000,935614189.69868110
1718323200000,66773.01000000,67370.24000000,65078.00000000,66043.99000000,28408.18797000,1884451554.42828490,1736314,13619.40861000,903708200.78497490
1718409600000,66043.99000000,66478.48000000,65857.10000000,66228.25000000,11451.80242000,758175888.02833720,700886,5495.02083000,363796116.45357520
1718496000000,66228.25000000,66998.70000000,66034.50000000,66676.87000000,9392.52223000,624653672.61385750,703295,4750.05166000,315940653.99261210
1718582400000,66676.86000000,67298.81000000,65130.00000000,66504.33000000,27386.16851000,1812061226.75656550,1542620,13716.89431000,907703353.53049530
1718668800000,66504.33000000,66588.23000000,64060.00000000,65175.32000000,42350.10244000,2755141806.03109010,2151711,20076.41361000,1305946733.58928080
1718755200000,65175.32000000,65727.54000000,64666.00000000,64974.37000000,20060.79576000,1307731953.95453160,1078458,10289.78180000,670875724.31372840
1718841600000,64974.37000000,66482.94000000,64559.15000000,64869.99000000,24265.29031000,1584896152.16637010,1282687,11828.87934000,772646071.21699650
1718928000000,64869.99000000,65066.66000000,63379.35000000,64143.56000000,25993.56442000,1665541539.70861590,1362617,12543.25960000,803462610.69190860
1719014400000,64143.56000000,64546.81000000,63943.82000000,64262.01000000,7308.95542000,470027247.34020830,562832,3756.29045000,241583895.45436180
1719100800000,64262.01000000,64521.00000000,63178.32000000,63210.01000000,8224.45447000,526848525.00294520,592759,3974.67964000,254685735.53387730
1719187200000,63210.01000000,63369.80000000,58402.00000000,60293.30000000,52161.35414000,3180853460.92475080,2190787,24495.59428000,1493633137.52665430
1719273600000,60293.30000000,62420.00000000,60257.06000000,61806.01000000,31189.24361000,1914901308.84587010,1277481,15360.08458000,943071608.51094150
1719360000000,61806.01000000,62487.81000000,60712.00000000,60864.99000000,22485.66463000,1381716993.35549190,1112152,11435.02653000,702676210.43654810
1719446400000,60864.98000000,62389.22000000,60606.63000000,61706.47000000,18344.28631000,1126705164.78289200,1062176,9298.26500000,570914131.05718340
1719532800000,61706.46000000,62225.31000000,60063.00000000,60427.84000000,24821.19255000,1519872032.02663600,1479626,12661.53908000,775499790.79123460
1719619200000,60427.84000000,61224.00000000,60383.77000000,60986.68000000,11509.55904000,701345872.48811430,767669,5461.68911000,332791254.69089930
1719705600000,60986.68000000,63058.76000000,60712.21000000,62772.01000000,17326.30136000,1070250012.54466050,1108912,8224.44601000,508208752.08569870
1719792000000,62772.01000000,63861.76000000,62497.20000000,62899.99000000,24547.10538000,1550980813.67013450,1461508,12388.60654000,782785773.83555930
1719878400000,62900.00000000,63288.83000000,61806.28000000,62135.47000000,18573.11875000,1160792332.61755960,1308816,9453.17931000,590763216.57998250
1719964800000,62135.46000000,62285.94000000,59400.00000000,60208.58000000,32160.11127000,1945901232.90665710,1839372,15055.45492000,910631739.67384830
1720051200000,60208.57000000,60498.19000000,56771.00000000,57050.01000000,54568.77276000,3168619756.24364850,2523236,24982.98822000,1450509608.68042170
1720137600000,57050.02000000,57546.00000000,53485.93000000,56628.79000000,81348.24756000,4515040083.53651490,3749255,37926.65162000,2104682004.51668210
1720224000000,56628.79000000,58475.00000000,56018.00000000,58230.13000000,21651.31558000,1235398733.43570290,1411065,11083.50401000,632724011.54747280
1720310400000,58230.13000000,58449.46000000,55724.37000000,55857.81000000,19118.93918000,1094135752.45286890,1289229,9081.66872000,519830378.93556300
1720396800000,55857.81000000,58236.73000000,54260.16000000,56714.62000000,48090.20490000,2699942701.37551110,2554389,23963.90684000,1346497811.21179220
1720483200000,56714.61000000,58296.00000000,56289.45000000,58050.00000000,27732.20788000,1592351321.65538700,1757693,14143.25001000,812249336.74934340
1720569600000,58050.00000000,59470.00000000,57157.79000000,57725.85000000,24951.73799000,1452293495.65014880,1766696,12423.53162000,723209557.64967550
1720656000000,57725.85000000,59650.00000000,57050.00000000,57339.89000000,29761.05735000,1728929618.05838440,2157661,15019.30135000,872986677.11952730
1720742400000,57339.89000000,58526.68000000,56542.47000000,57889.10000000,23652.45690000,1360201319.07615040,1749738,11488.82545000,661028735.66443120
1720828800000,57889.09000000,59850.00000000,57756.63000000,59204.02000000,15357.74519000,900429281.14823270,1114391,7889.36244000,462600767.86107760
1720915200000,59204.01000000,61420.69000000,59194.01000000,60797.91000000,21178.33907000,1273562988.61117610,1456088,10479.46025000,630300143.25984630
1721001600000,60797.91000000,64900.00000000,60632.30000000,64724.14000000,38690.97820000,2435540879.02893340,2600425,19076.54212000,1201411783.66660390
1721088000000,64724.06000000,65388.97000000,62373.24000000,65043.99000000,42530.52915000,2725231969.28845080,2484783,21595.04799000,1384337933.33100270
1721174400000,65044.00000000,66128.63000000,63854.00000000,64087.99000000,29567.52954000,1922412273.08820950,1868671,14616.17013000,950725865.58566080
1721260800000,64087.99000000,65133.30000000,63238.48000000,63987.92000000,22568.72250000,1449872437.64979730,1696742,11288.35191000,725073622.70567400
1721347200000,63987.92000000,67386.00000000,63300.67000000,66660.00000000,35634.72739000,2331517674.36865920,2184889,17971.06949000,1176753281.03832610
1721433600000,66660.01000000,67598.00000000,66222.46000000,67139.96000000,14386.92434000,961878801.84822110,995093,6868.63454000,459313955.25348910
1721520000000,67139.97000000,68366.66000000,65777.00000000,68165.34000000,21819.11191000,1465757867.97474330,1322942,11412.05459000,766856991.84253770
1721606400000,68165.35000000,68474.55000000,66559.97000000,67532.01000000,21451.04303000,1448418369.84670970,1558140,10263.95040000,693063991.11910680
1721692800000,67532.00000000,67750.98000000,65441.08000000,65936.01000000,31406.15316000,2088544473.32350770,1772089,15168.84798000,1008794779.03899120
1721779200000,65936.00000000,67102.01000000,65111.00000000,65376.00000000,23082.56277000,1526490826.46699670,1391053,10827.75551000,716084205.20164140
1721865600000,65376.01000000,66175.49000000,63456.70000000,65799.95000000,35126.42934000,2266419771.22486380,1830360,16579.45258000,1070150879.36395480
1721952000000,65799.95000000,68200.00000000,65722.63000000,67907.99000000,24244.36023000,1630839588.69665470,1406982,12444.52129000,837159298.56635020
1722038400000,67908.00000000,69399.99000000,66650.00000000,67896.50000000,31710.21921000,2162335067.02341760,1690591,15838.92820000,1080427116.19164440
1722124800000,67896.49000000,68318.43000000,67066.66000000,68249.88000000,10868.69394000,736755676.13774510,821210,5403.48694000,366295409.63502700
1722211200000,68249.88000000,70079.99000000,66428.00000000,66784.69000000,36467.29633000,2499265962.09145500,1952812,18196.23316000,1248743452.55767880
1722297600000,66784.68000000,67000.00000000,65302.67000000,66188.00000000,23132.25441000,1533270724.79942100,1622083,11096.82554000,735708436.02368670
1722384000000,66188.00000000,66849.24000000,64530.00000000,64628.00000000,22625.43905000,1489443332.59601170,1609976,10818.48504000,712275323.70693700
1722470400000,64628.01000000,65659.78000000,62302.00000000,65354.02000000,35542.26854000,2270877792.65867990,2397257,16886.93292000,1079221072.75802780
1722556800000,65354.02000000,65596.14000000,61230.01000000,61498.33000000,38820.42937000,2469588785.69815740,2457735,18202.35794000,1158565579.09029100
1722643200000,61498.34000000,62198.22000000,59850.00000000,60697.99000000,28034.71567000,1711555901.18010990,1669555,12947.95791000,790701622.63757370
1722729600000,60697.99000000,61117.63000000,57122.77000000,58161.00000000,31616.52003000,1874490041.54373530,1886195,14556.62470000,863334319.96789840
1722816000000,58161.00000000,58305.59000000,49000.00000000,54018.81000000,162065.59186000,8580928177.42990090,7568497,77363.26323000,4097736999.06792360
1722902400000,54018.82000000,57040.99000000,53950.00000000,56022.01000000,55884.77676000,3119018848.32988790,3433824,27934.19288000,1559417942.64908360
1722988800000,56022.00000000,57736.05000000,54558.62000000,55134.16000000,44269.37684000,2490553853.60258280,2397504,21897.14983000,1232415104.44728570
1723075200000,55133.76000000,62745.14000000,54730.00000000,61685.99000000,48349.52949000,2836312292.43181820,2603042,25676.29533000,1508140014.00051670
1723161600000,61686.00000000,61744.37000000,59535.00000000,60837.99000000,30972.48017000,1878350555.51226330,1827809,15023.05073000,911225295.62634360
1723248000000,60837.99000000,61470.58000000,60242.00000000,60923.51000000,9995.20621000,607372221.24603980,800499,4893.63854000,297435046.00250790
1723334400000,60923.51000000,61858.00000000,58286.73000000,58712.59000000,19189.84512000,1152081498.15677740,1319469,9094.74521000,546165456.95507360
1723420800000,58712.59000000,60711.09000000,57642.21000000,59346.64000000,37009.91743000,2186851067.31658610,2293837,18279.26596000,1080368631.14278460
1723507200000,59346.64000000,61578.10000000,58392.88000000,60587.15000000,27858.95851000,1668247896.84771860,1713485,13647.22341000,817397824.22938570
1723593600000,60587.16000000,61800.00000000,58433.18000000,58683.39000000,28422.76326000,1705464263.50586500,1729342,13263.89620000,796386901.36411660
1723680000000,58683.39000000,59849.38000000,56078.54000000,57541.06000000,37686.17622000,2194915865.05222870,2507858,17255.22311000,1005337423.72642390
1723766400000,57541.05000000,59817.76000000,57098.62000000,58874.60000000,27610.84344000,1614654900.33327160,1999539,13963.51824000,816740633.54544620
1723852800000,58874.59000000,59700.00000000,58785.05000000,59491.99000000,7721.72931000,457737705.77228390,807159,3871.65310000,229477473.80983910
1723939200000,59491.99000000,60284.99000000,58408.92000000,58427.35000000,13634.85717000,813166580.72648510,1099730,6660.58254000,397459480.87198230
1724025600000,58427.35000000,59617.63000000,57787.30000000,59438.50000000,22809.31251000,1336287900.19763400,1636295,11350.30776000,665066212.75953550
1724112000000,59438.50000000,61400.00000000,58548.23000000,59013.80000000,31477.44548000,1890620149.79102020,1904519,16041.22019000,964180516.15293990
1724198400000,59013.80000000,61820.93000000,58783.47000000,61156.03000000,27983.64220000,1682529555.09605460,1981525,14156.90984000,851829721.39945480
1724284800000,61156.03000000,61400.00000000,59724.87000000,60375.84000000,21241.20588000,1288544247.95601750,1718280,10269.33376000,623042041.07817350
1724371200000,60375.83000000,64955.00000000,60342.14000000,64037.24000000,38118.07089000,2375916932.79354870,2555682,20372.88336000,1270318490.02577540
1724457600000,64037.24000000,64494.50000000,63531.00000000,64157.01000000,15857.15616000,1015774255.17407640,1551856,7643.02686000,489673236.65980020
1724544000000,64157.02000000,65000.00000000,63773.27000000,64220.00000000,12305.47977000,789935122.99302420,1263065,6315.72233000,405555580.86044380
1724630400000,64219.99000000,64481.00000000,62800.00000000,62834.00000000,19470.05276000,1238341818.43201660,2152841,8995.67609000,572188217.62956750
1724716800000,62834.00000000,63212.00000000,58034.01000000,59415.00000000,35135.94178000,2158144642.99299270,2995281,15873.15360000,975361314.87765910
1724803200000,59415.00000000,60234.98000000,57860.00000000,59034.90000000,36868.54275000,2183054412.97408700,3664134,17135.91162000,1014904733.06851290
1724889600000,59034.90000000,61166.99000000,58713.09000000,59359.01000000,27020.90743000,1617931684.25857600,2743900,13152.38590000,787682410.35188690
1724976000000,59359.00000000,59944.07000000,57701.10000000,59123.99000000,28519.32195000,1680918972.46584970,2845696,13783.34749000,812769089.28498120
1725062400000,59123.99000000,59462.38000000,58744.00000000,58973.99000000,8798.40900000,519849184.86904460,895944,4195.93079000,247955494.35915920
1725148800000,58974.00000000,59076.59000000,57201.00000000,57301.86000000,20705.15741000,1202176847.39105850,2153180,9651.50531000,560452387.89854740
1725235200000,57301.77000000,59425.69000000,57128.00000000,59132.13000000,22895.01461000,1333092369.44656860,1966119,11295.25452000,657496577.63048030
1725321600000,59132.12000000,59809.65000000,57415.00000000,57487.73000000,22828.18447000,1335076815.85992480,2208758,10979.79204000,642252673.11321130
1725408000000,57487.74000000,58519.00000000,55606.00000000,57970.90000000,35560.82146000,2027630870.17967540,3177549,16861.75483000,961923197.77825300
1725494400000,57970.90000000,58327.07000000,55643.65000000,56180.00000000,27806.91413000,1577770853.10079750,3368058,12955.88970000,734996919.35909540
1725580800000,56180.00000000,57008.00000000,52550.00000000,53962.97000000,54447.76826000,2988914918.92433420,5287281,25325.18849000,1390546230.88109310
1725667200000,53962.97000000,54850.00000000,53745.54000000,54160.86000000,16694.04774000,905693342.58983220,1920923,8023.90683000,435381439.00959560
1725753600000,54160.86000000,55318.00000000,53629.01000000,54869.95000000,16274.14779000,885743172.91847590,1796092,8031.76084000,437221897.11041520
1725840000000,54869.95000000,58088.00000000,54591.96000000,57042.00000000,32384.51737000,1809715390.04932940,3355912,16412.83148000,917669512.22202930
1725926400000,57042.01000000,58044.36000000,56386.40000000,57635.99000000,23626.78126000,1349365460.09005710,2843148,11690.37506000,667774722.69939110
1726012800000,57635.99000000,57981.71000000,55545.19000000,57338.00000000,33026.56757000,1875738697.37841530,4045103,15979.30786000,907634258.56498910
1726099200000,57338.00000000,58588.00000000,57324.00000000,58132.32000000,31074.40631000,1802848638.07570170,3706764,14783.00418000,857572456.51008690
1726185600000,58132.31000000,60625.00000000,57632.62000000,60498.00000000,29825.23333000,1760671733.54929960,3378012,15395.13731000,909141733.97476540
1726272000000,60497.99000000,60610.45000000,59400.00000000,59993.03000000,12137.90901000,728527024.34169630,1288784,5570.22098000,334303099.74321360
1726358400000,59993.02000000,60395.80000000,58691.05000000,59132.00000000,13757.92361000,822410872.39069560,1552950,6431.24697000,384460724.57039670
1726444800000,59132.00000000,59210.70000000,57493.30000000,58213.99000000,26477.56420000,1543273198.70274520,3145152,12859.75840000,749563220.80605080
1726531200000,58213.99000000,61320.00000000,57610.01000000,60313.99000000,33116.25878000,1983378424.77570380,3918209,16390.65993000,981860543.27358150
1726617600000,60313.99000000,61786.24000000,59174.80000000,61759.99000000,36087.02469000,2174000496.82077610,5167671,18429.59712000,1110622778.75108520
1726704000000,61759.98000000,63850.00000000,61555.00000000,62947.99000000,34332.52608000,2153175931.17387170,4438284,17609.62958000,1104427424.52469690
1726790400000,62948.00000000,64133.32000000,62350.00000000,63201.05000000,25466.37794000,1611195963.99080440,3969296,12411.32227000,785440558.81257280
1726876800000,63201.05000000,63559.90000000,62758.00000000,63348.96000000,8375.34608000,528657852.31830240,1283611,3877.73743000,244802615.78455930
1726963200000,63348.97000000,64000.00000000,62357.93000000,63578.76000000,14242.19892000,897477338.37351270,2145736,6923.17369000,436456231.95378810
1727049600000,63578.76000000,64745.88000000,62538.75000000,63339.99000000,24078.05287000,1531015038.36802670,3999187,12331.07643000,784350440.71456530
1727136000000,63339.99000000,64688.00000000,62700.00000000,64262.70000000,23185.04759000,1472720338.85629160,3870157,11522.89363000,732118662.41710540
1727222400000,64262.70000000,64817.99000000,62947.08000000,63152.01000000,17813.11168000,1135250828.27321490,3355531,8384.67983000,534590429.21054930
1727308800000,63152.01000000,65839.00000000,62670.00000000,65173.99000000,28373.30593000,1831204595.94489680,4361333,15041.98860000,971176161.38708060
1727395200000,65173.99000000,66498.00000000,64819.90000000,65769.95000000,22048.80487000,1448852210.36022120,3498529,11092.85716000,729156061.36792320
1727481600000,65769.95000000,66260.00000000,65422.23000000,65858.00000000,9127.23316000,600118483.12225210,1341703,4501.22534000,296026669.83370660
1727568000000,65858.00000000,66076.12000000,65432.00000000,65602.01000000,8337.74111000,547980013.71523030,1413449,4132.93780000,271622295.35352910
1727654400000,65602.01000000,65618.80000000,62856.30000000,63327.59000000,30011.08752000,1920250261.74421610,3978584,14451.93044000,924324016.73584480
1727740800000,63327.60000000,64130.63000000,60164.00000000,60805.78000000,43671.48108000,2723672081.83262550,5607069,20951.74486000,1308603194.33104010
1727827200000,60804.92000000,62390.31000000,60000.00000000,60649.28000000,31534.70118000,1928377637.83678390,5313210,15719.32519000,961468320.51547270
1727913600000,60649.27000000,61477.19000000,59828.11000000,60752.71000000,26221.43472000,1590773866.80744340,5244004,12906.51464000,783073701.73311730
1728000000000,60752.72000000,62484.85000000,60459.90000000,62086.00000000,21294.65994000,1311145630.50204980,3798631,10689.34488000,658151113.93518280
1728086400000,62086.00000000,62370.56000000,61689.26000000,62058.00000000,7807.46141000,484588468.34191230,1183175,3690.55536000,229107774.75427000
1728172800000,62058.01000000,62975.00000000,61798.97000000,62819.91000000,8906.86177000,555669634.47735140,1556553,4798.29924000,299426562.83034480
1728259200000,62819.91000000,64478.19000000,62128.00000000,62224.00000000,25966.18520000,1646315506.57919460,4809342,12760.73415000,809108823.51261260
1728345600000,62224.01000000,63200.00000000,61860.31000000,62160.49000000,19702.22371000,1230076253.81865700,3798438,9614.36947000,600357593.78737790
1728432000000,62160.50000000,62543.75000000,60301.00000000,60636.02000000,20011.15684000,1234778807.59324170,3668363,9454.70171000,583725546.03098850
1728518400000,60636.01000000,61321.68000000,58946.00000000,60326.39000000,23967.92481000,1445604381.93637920,3872577,10827.77272000,653182369.94276710
1728604800000,60326.40000000,63417.56000000,60087.64000000,62540.00000000,23641.35209000,1462219576.84986490,3222180,12099.56755000,748431117.91657060
1728691200000,62539.99000000,63480.00000000,62487.23000000,63206.22000000,10911.30116000,686978508.98875430,1770837,5196.91695000,327263147.47604010
1728777600000,63206.23000000,63285.72000000,62050.00000000,62870.02000000,11909.21995000,746564374.20823870,2242529,5855.04617000,367046338.91942090
1728864000000,62870.02000000,66500.00000000,62457.81000000,66083.99000000,37669.95222000,2450094472.81354500,4977577,19941.11906000,1297062359.24748640
1728950400000,66084.00000000,67950.00000000,64800.01000000,67074.14000000,43683.95423000,2894021862.31951800,6245619,21820.68200000,1446378130.56598510
1729036800000,67074.14000000,68424.00000000,66750.49000000,67620.01000000,29938.25544000,2024560410.10626740,5109685,15212.87402000,1029210667.47582840
1729123200000,67620.00000000,67939.40000000,66666.00000000,67421.78000000,25328.22861000,1702164439.56545950,3981960,12153.94712000,816887407.40423790
1729209600000,67421.78000000,69000.00000000,67192.36000000,68428.00000000,28725.63500000,1959735899.87696440,4010969,14218.17850000,970440964.26681170
1729296000000,68427.99000000,68693.26000000,68010.00000000,68378.00000000,8193.66737000,559628628.96131050,1152428,4071.19627000,278085065.51769250
1729382400000,68377.99000000,69400.00000000,68100.00000000,69031.99000000,12442.47378000,854082429.81058610,1563795,6772.92574000,465001555.93098300
1729468800000,69032.00000000,69519.52000000,66840.67000000,67377.50000000,31374.42184000,2130833593.54669770,3686777,13593.60828000,923860758.42088440
1729555200000,67377.50000000,67836.01000000,66571.42000000,67426.00000000,24598.96268000,1654285791.66055570,3669291,12400.51857000,834160889.23987370
1729641600000,67426.01000000,67472.83000000,65260.00000000,66668.65000000,25530.24070000,1695101430.91874660,3807365,11888.33995000,789384635.11068600
1729728000000,66668.65000000,68850.00000000,66510.00000000,68198.28000000,22589.83877000,1526736320.91293800,3797462,11502.58514000,777936396.52474600
1729814400000,68198.27000000,68771.49000000,65596.29000000,66698.33000000,34479.71125000,2320667435.29325390,5332593,16031.03200000,1079347459.15496360
1729900800000,66698.32000000,67454.55000000,66439.90000000,67092.76000000,11842.90770000,792887047.14789200,2373501,6069.18986000,406369780.15329440
1729987200000,67092.76000000,68332.05000000,66913.73000000,68021.70000000,8653.19592000,585006148.47048090,1771989,4417.73620000,298699666.99843930
1730073600000,68021.69000000,70270.00000000,67618.00000000,69962.21000000,29046.75459000,2005105729.81744490,4432446,15218.34976000,1051606096.42982590
1730160000000,69962.21000000,73620.12000000,69760.00000000,72736.42000000,50128.60594000,3602465986.89175740,5645430,26898.46516000,1932608784.16303730
1730246400000,72736.41000000,72961.00000000,71436.00000000,72344.74000000,26885.99056000,1941210537.28828680,4040734,13487.21433000,973898183.74672780
1730332800000,72344.75000000,72700.00000000,69685.76000000,70292.01000000,29352.10297000,2091144977.49468470,4525542,14205.13879000,1012048241.84989380
1730419200000,70292.01000000,71632.95000000,68820.14000000,69496.01000000,38301.86755000,2677358022.00497000,4569271,18044.16220000,1261663986.75969040
1730505600000,69496.00000000,69914.37000000,69000.14000000,69374.74000000,10521.67243000,731232427.63115480,1603561,5227.50713000,363370734.81580110
1730592000000,69374.74000000,69391.00000000,67478.73000000,68775.99000000,24995.70243000,1709666206.40620230,3668029,12277.58177000,839939073.13895770
1730678400000,68775.99000000,69500.00000000,66835.00000000,67850.01000000,29800.39187000,2033902307.00277610,5377048,14927.24077000,1019257547.52468490
1730764800000,67850.01000000,70577.91000000,67476.63000000,69372.01000000,33355.06888000,2310418908.06992200,4955644,17059.88663000,1181816730.92378330
1730851200000,69372.01000000,76400.00000000,69298.00000000,75571.99000000,104126.99478700,7702283270.25800886,8434184,53243.88442700,3938516657.23273316
1730937600000,75571.99000000,76849.99000000,74416.00000000,75857.89000000,44869.42234500,3391796661.97195520,5207722,21805.46029500,1648278335.30073320
1731024000000,75857.89000000,77199.99000000,75555.00000000,76509.78000000,36521.09958300,2784449097.53151828,4877489,17555.39363300,1339019332.19671258
1731110400000,76509.78000000,76900.00000000,75714.66000000,76677.46000000,16942.07915000,1294709001.60288990,2585264,8032.79327000,614028515.30017060
1731196800000,76677.46000000,81500.00000000,76492.00000000,80370.01000000,61830.10043500,4905441473.90073684,7128598,32751.01217700,2597409399.23496312
1731283200000,80370.01000000,89530.54000000,80216.01000000,88647.99000000,82323.66577600,6944268709.94272134,9348890,42837.29531400,3613896167.37191224
1731369600000,88648.00000000,89940.00000000,85072.00000000,87952.01000000,97299.88791100,8540084566.27981860,11499058,49589.33345100,4353451682.82940400
1731456000000,87952.00000000,93265.64000000,86127.99000000,90375.20000000,86763.85412700,7790928962.04303818,11962100,44342.32932700,3983689817.40144438
1731542400000,90375.21000000,91790.00000000,86668.21000000,87325.59000000,56729.51086000,5073860815.92866480,9828858,27940.85600000,2499212755.77314710
1731628800000,87325.59000000,91850.00000000,87073.38000000,91032.07000000,47927.95068000,4276238971.18142940,8009111,24800.61087000,2213154236.50961540
1731715200000,91032.08000000,91779.66000000,90056.17000000,90586.92000000,22717.87689000,2067958511.90484730,4239455,11496.31366000,1046686701.00294610
1731801600000,90587.98000000,91449.99000000,88722.00000000,89855.99000000,23867.55609000,2153871724.81039480,4930719,11852.78227000,1070094820.67389380
1731888000000,89855.98000000,92594.00000000,89376.90000000,90464.08000000,46545.03448000,4239909950.66189400,7161125,23628.87098000,2153158394.31631090
1731974400000,90464.07000000,93905.51000000,90357.00000000,92310.79000000,43660.04682000,4025108502.84961394,5647789,22127.85272400,2040301638.11617274
1732060800000,92310.80000000,94831.97000000,91500.00000000,94286.56000000,42203.19871200,3950932314.64606898,7365987,20425.30796200,1912348704.24726208
1732147200000,94286.56000000,98988.00000000,94040.00000000,98317.12000000,69228.36047700,6722807908.32565552,9048605,35424.06322700,3440467290.31852712
1732233600000,98317.12000000,99588.01000000,97122.11000000,98892.00000000,46189.30924300,4555536773.36320499,7271311,22709.66819300,2240635299.64648389
1732320000000,98892.00000000,98908.85000000,97136.00000000,97672.40000000,24757.84367000,2431609866.32951430,3839138,11176.24870000,1097538914.94125850
1732406400000,97672.40000000,98564.00000000,95734.77000000,97900.04000000,31200.97838000,3034172011.95178840,4964720,15124.12176000,1471313633.74677250
1732492800000,97900.05000000,98871.80000000,92600.19000000,93010.01000000,50847.45096000,4883444806.32219350,8289691,23486.92705000,2255516841.61021860
1732579200000,93010.01000000,94973.37000000,90791.10000000,91965.16000000,57858.73138000,5370918648.81816690,10225809,29120.26765000,2702543576.08910800
1732665600000,91965.16000000,97208.21000000,91792.14000000,95863.11000000,41153.42734000,3894358511.61756510,6648690,20316.58245000,1922620637.30761870
1732752000000,95863.11000000,96564.00000000,94640.00000000,95643.98000000,28814.54357000,2749861591.25960980,4988161,14805.69321000,1412851841.07519470
1732838400000,95643.99000000,98619.99000000,95364.99000000,97460.00000000,27701.78231000,2690451030.63428740,5094070,13840.21172000,1344148785.26364260
1732924800000,97460.00000000,97463.95000000,96092.01000000,96407.99000000,14503.83306000,1402672950.69982080,3354759,7075.91503000,684284805.02344440
1733011200000,96407.99000000,97836.00000000,95693.88000000,97185.18000000,16938.60452000,1641327626.60622060,3342200,8114.89569000,786489040.19363780
1733097600000,97185.17000000,98130.00000000,94395.00000000,95840.62000000,37958.66981000,3646639621.73758780,7560103,18821.93327000,1808458555.89058410
1733184000000,95840.61000000,96305.52000000,93578.17000000,95849.69000000,35827.32283000,3413995542.01865610,5361712,17339.11167000,1652090703.17559560
1733270400000,95849.69000000,99000.00000000,94587.83000000,98587.32000000,43850.53728000,4241994533.78610610,6648724,22033.60112000,2132655972.04500000
1733356800000,98587.32000000,104088.00000000,90500.00000000,96945.63000000,109921.72966200,11048002942.14993118,12012364,56235.07835600,5657171374.76345580
1733443200000,96945.63000000,101898.99000000,95981.72000000,99740.84000000,45049.53310000,4456641685.36444370,6919102,21999.62416000,2175645718.55336060
1733529600000,99740.84000000,100439.18000000,98844.00000000,99831.99000000,14931.94590000,1487953846.83854580,2634566,6776.55000000,675350661.29733480
1733616000000,99831.99000000,101351.00000000,98657.70000000,101109.59000000,14612.99688000,1459576946.40215100,2994709,7152.80173000,714745738.91883560
1733702400000,101109.60000000,101215.93000000,94150.05000000,97276.47000000,53949.11595000,5283626995.70564880,8445872,25472.08477000,2495722030.53709450
1733788800000,97276.48000000,98270.00000000,94256.54000000,96593.00000000,51708.68933000,4988660195.09242860,11556189,24523.09586000,2367164879.17077290
1733875200000,96593.00000000,101888.00000000,95658.24000000,101125.00000000,37753.78291000,3745703763.01844990,8250511,19112.84559000,1897146318.21117040
1733961600000,101125.00000000,102540.00000000,99311.64000000,100004.29000000,29232.08745000,2949462583.86617050,8066322,14175.88661000,1430984456.67036050
1734048000000,100004.29000000,101895.26000000,99205.00000000,101424.25000000,21904.03923000,2203903393.07410050,5481660,10669.09365000,1073720887.63545590
1734134400000,101424.24000000,102650.00000000,100609.41000000,101420.00000000,14191.70326000,1441594367.04631920,3374538,6790.24676000,689981854.13948960
1734220800000,101420.00000000,105250.00000000,101237.14000000,104463.99000000,22228.92177500,2290462903.83579120,3638809,12668.89435500,1305611448.30009750
1734307200000,104463.99000000,107793.07000000,103333.00000000,106058.66000000,41302.40274000,4364964400.63455291,8048054,20349.09950000,2150550899.24752251
1734393600000,106058.65000000,108353.00000000,105321.49000000,106133.74000000,29064.93646600,3103833327.77510671,7212799,14187.32044600,1515158210.55198001
1734480000000,106133.74000000,106524.98000000,100000.00000000,100204.01000000,50307.99755000,5194263316.25923660,8762120,23308.37525000,2407213144.26949820
1734566400000,100204.01000000,102800.11000000,95700.00000000,97461.86000000,55147.39800000,5487546517.70775260,7273941,26898.63715000,2677636003.90650610
1734652800000,97461.86000000,98233.00000000,92232.54000000,97805.44000000,62884.13570000,6022845238.83232620,7429007,29463.23021000,2822939306.66307790
1734739200000,97805.44000000,99540.61000000,96398.39000000,97291.99000000,23483.54143000,2296232055.19592620,3717638,11726.94119000,1146732451.42181330
1734825600000,97292.00000000,97448.08000000,94250.35000000,95186.27000000,19353.83036000,1857819866.36039980,3633551,9293.39749000,892081877.76277080
1734912000000,95186.28000000,96538.92000000,92520.00000000,94881.47000000,32810.76703000,3100007213.49456320,5464919,16339.58355000,1544707289.74436910
1734998400000,94881.47000000,99487.99000000,93569.02000000,98663.58000000,23674.22488000,2287214424.70647590,3421549,11969.25390000,1156798174.58232600
1735084800000,98663.58000000,99569.15000000,97632.02000000,99429.60000000,14474.16510000,1426143976.04936360,3283028,7006.52650000,690465056.58718590
1735171200000,99429.61000000,99963.70000000,95199.14000000,95791.60000000,21192.36727000,2049123567.38677240,5203490,10071.87249000,973940616.12924430
1735257600000,95791.60000000,97544.58000000,93500.01000000,94299.03000000,26501.26429000,2528567849.77946140,5718866,12945.51657000,1235623739.05781850
1735344000000,94299.03000000,95733.99000000,94135.66000000,95300.00000000,8385.89290000,794651624.83495550,2732061,4203.59876000,398416342.12816700
1735430400000,95300.00000000,95340.00000000,93009.52000000,93738.20000000,13576.00578000,1278370863.97684710,2865838,5651.38589000,532195414.10274130
1735516800000,93738.19000000,95024.50000000,91530.45000000,92792.05000000,27619.42250000,2573126059.76947800,5560563,13092.19646000,1220209278.25232730
1735603200000,92792.05000000,96250.00000000,92033.73000000,93576.00000000,19612.03389000,1845718801.92270400,3347847,9687.96775000,911716321.60540200
1735689600000,93576.00000000,95151.15000000,92888.00000000,94591.79000000,10373.32613000,975444194.13799830,1516556,5347.73648000,502914035.64059070
1735776000000,94591.78000000,97839.50000000,94392.00000000,96984.79000000,21970.48948000,2118411852.68127950,3569079,10915.96986000,1052226710.33367170
1735862400000,96984.79000000,98976.91000000,96100.01000000,98174.18000000,15253.82936000,1486610768.59079170,2851164,7468.60797000,727787246.89655880
1735948800000,98174.17000000,98778.43000000,97514.79000000,98220.50000000,8990.05651000,881223751.63536030,1559982,4350.80221000,426524714.13055390
1736035200000,98220.51000000,98836.85000000,97276.79000000,98363.61000000,8095.63723000,793931715.95463240,1685799,3877.90985000,380355340.46860360
1736121600000,98363.61000000,102480.00000000,97920.00000000,102235.60000000,25263.43375000,2540561688.77714340,3853702,12539.59534000,1260943259.46625620
1736208000000,102235.60000000,102724.38000000,96181.81000000,96954.61000000,32059.87537000,3170421659.71723590,4480562,14815.11453000,1464336049.70553450
1736294400000,96954.60000000,97268.65000000,92500.90000000,95060.61000000,33704.67894000,3205849081.11296200,5171208,15803.85091000,1503791328.69930850
1736380800000,95060.61000000,95382.32000000,91203.67000000,92552.49000000,34544.83685000,3217669887.24539790,6027161,15323.62663000,1427812152.27276120
1736467200000,92552.49000000,95836.00000000,92206.02000000,94726.11000000,31482.86424000,2962085343.28370360,5531444,15617.43823000,1469711545.65712720
1736553600000,94726.10000000,95050.94000000,93831.73000000,94599.99000000,7047.90430000,665685994.93301000,1496191,3412.37671000,322346977.43545530
1736640000000,94599.99000000,95450.10000000,93711.19000000,94545.06000000,8606.86622000,813278829.65839490,1658863,4028.33031000,380691769.91844270
1736726400000,94545.07000000,95940.00000000,89256.69000000,94536.10000000,42619.56423000,3930666134.34745740,5740963,19473.88042000,1797888178.84960790
1736812800000,94536.11000000,97371.00000000,94346.22000000,96560.86000000,27846.61753000,2676048470.35695040,4532923,14248.69616000,1369464111.69349600
1736899200000,96560.85000000,100681.94000000,96500.00000000,100497.35000000,30509.99179000,3006242382.88679460,3487945,15494.17873000,1527728226.30833280
1736985600000,100497.35000000,100866.66000000,97335.13000000,99987.30000000,27832.85317000,2765162040.63979910,3762755,13513.53707000,1342462621.62732850
1737072000000,99987.30000000,105865.22000000,99950.77000000,104077.48000000,39171.85292000,4040993985.47504680,3886907,20673.21300000,2131223293.20484620
1737158400000,104077.47000000,104988.88000000,102277.55000000,104556.23000000,24307.82998000,2521522119.37952530,3403162,11607.51274000,1204170928.37481190
1737244800000,104556.23000000,106422.43000000,99651.60000000,101331.57000000,43397.28298000,4513423971.41025210,5271920,21079.51082000,2193270771.00194450
1737331200000,101331.57000000,109588.00000000,99550.00000000,102260.01000000,89529.23173200,9398787064.32071500,11597937,44770.52949200,4704453254.51538250
1737417600000,102260.00000000,107240.81000000,100119.04000000,106143.82000000,45941.02002000,4768512258.15650130,6842980,23227.02741000,2411854258.51271880
1737504000000,106143.82000000,106394.46000000,103339.12000000,103706.66000000,22248.69254000,2331144640.65857870,4364035,10501.59306000,1100173331.98765840
1737590400000,103706.66000000,106850.00000000,101262.28000000,103910.34000000,53953.12031000,5610760848.13163840,6961383,27045.92646000,2813824950.57188350
1737676800000,103910.35000000,107120.00000000,102750.00000000,104870.50000000,23609.24017000,2483818574.37374800,4798886,11893.46050000,1251601023.34846860
1737763200000,104870.51000000,105286.52000000,104106.09000000,104746.85000000,9068.32377000,949511531.35780170,1770765,4462.60438000,467284996.37609660
1737849600000,104746.86000000,105500.00000000,102520.44000000,102620.00000000,9812.51238000,1024352365.47155230,1813011,4642.17247000,484871090.33614970
1737936000000,102620.01000000,103260.00000000,97777.77000000,102082.83000000,50758.13410000,5092886322.82924400,9368910,23529.22433000,2361569760.84189380
1738022400000,102082.83000000,103800.00000000,100272.68000000,101335.52000000,22022.05765000,2253977324.03620920,5428644,10756.64741000,1101357650.29198760
1738108800000,101335.52000000,104782.68000000,101328.01000000,103733.24000000,23155.35802000,2380383694.77213620,5189699,11675.17182000,1200636637.81436690
1738195200000,103733.25000000,106457.44000000,103278.54000000,104722.94000000,19374.07472000,2038112603.51264120,3990075,10140.92834000,1066933244.99202070
1738281600000,104722.94000000,106012.00000000,101560.00000000,102429.56000000,21983.18193000,2282174002.19521760,4331904,10697.39968000,1111485874.12928450
1738368000000,102429.56000000,102783.71000000,100279.51000000,100635.65000000,12290.95747000,1250354228.23722970,2588786,5625.89331000,572540016.14901110
1738454400000,100635.66000000,101456.60000000,96150.00000000,97700.59000000,34619.49939000,3412084312.58362790,7202339,15587.16669000,1536076091.30301330
1738540800000,97700.59000000,102500.01000000,91231.00000000,101328.52000000,75164.73850000,7228589180.71162140,10625262,36736.56946000,3537845694.48126590
1738627200000,101328.51000000,101732.31000000,96150.00000000,97763.13000000,40267.98697000,3989698644.26493070,6618911,19091.58154000,1891457194.35983290
1738713600000,97763.14000000,99149.00000000,96155.00000000,96612.43000000,26233.30444000,2562342153.82968530,4471763,11032.55174000,1078316288.14255890
1738800000000,96612.44000000,99120.00000000,95676.64000000,96554.35000000,23515.20405000,2289071921.21756010,4242807,11261.53049000,1096611639.37600890
1738886400000,96554.35000000,100137.99000000,95620.34000000,96506.80000000,31794.22065000,3107592434.67383420,5012456,15249.35370000,1491114588.55985190
1738972800000,96506.80000000,96880.00000000,95688.00000000,96444.74000000,10147.24294000,977040267.51586310,1757892,4450.52682000,428452764.90474110
1739059200000,96444.75000000,97323.09000000,94713.00000000,96462.75000000,14120.91613000,1359495152.31079740,2293192,6663.72875000,641795598.17527620
1739145600000,96462.75000000,98345.00000000,95256.00000000,97430.82000000,20572.87537000,1999112052.66878620,3475919,9607.62329000,933665618.50501910
1739232000000,97430.82000000,98478.42000000,94876.88000000,95778.20000000,18647.76379000,1806534846.38631950,3716586,8594.50066000,832320054.87637160
1739318400000,95778.21000000,98119.99000000,94088.23000000,97869.99000000,29151.16625000,2800142168.39436540,4992737,13820.70553000,1328044257.04013340
1739404800000,97870.00000000,98083.91000000,95217.36000000,96608.14000000,19921.77616000,1916988246.39211860,3909456,8852.16215000,851823567.09393470
1739491200000,96608.13000000,98826.00000000,96252.82000000,97500.48000000,18173.02646000,1768073218.86901540,3499564,9061.31682000,881925349.64442130
1739577600000,97500.47000000,97972.26000000,97223.58000000,97569.66000000,7349.37683000,717245393.77809200,1694327,3579.14202000,349322778.23397690
1739664000000,97569.67000000,97704.47000000,96046.18000000,96118.12000000,8191.42490000,794694242.29497320,1596701,3719.73063000,360842416.66441670
1739750400000,96118.12000000,97046.59000000,95205.00000000,95780.00000000,16492.04510000,1584593526.17546780,2831237,8010.41565000,769979077.13619730
1739836800000,95780.01000000,96753.91000000,93388.09000000,95671.74000000,23368.19471000,2223994802.89200520,4234248,11432.47367000,1088319233.52198970
1739923200000,95671.74000000,96899.99000000,95029.99000000,96644.37000000,16438.50954000,1576817572.10325050,2784225,7173.61807000,688586919.97592590
1740009600000,96644.37000000,98711.36000000,96415.09000000,98305.00000000,17057.39177000,1663386824.73155060,2386973,8356.42859000,815056614.17382700
1740096000000,98305.01000000,99475.00000000,94871.95000000,96181.98000000,32249.28140000,3143975917.57346420,4528525,15313.58184000,1493403646.84830270
1740182400000,96181.99000000,96980.00000000,95770.49000000,96551.01000000,11268.17708000,1087077133.82263640,1506418,5293.28051000,510722895.16754260
1740268800000,96551.01000000,96650.00000000,95227.94000000,96258.00000000,10884.84913000,1044392011.79102410,1457368,4619.93267000,443381984.41102550
1740355200000,96258.00000000,96500.00000000,91349.26000000,91552.88000000,31550.10299000,2981809595.44537670,4972684,14438.63366000,1366473567.87477310
1740441600000,91552.88000000,92540.69000000,86050.99000000,88680.40000000,78333.11111000,6962982500.90447390,10289145,35822.15275000,3183981371.47505020
1740528000000,88680.39000000,89414.15000000,82256.01000000,84250.09000000,56893.54409000,4898429925.63647610,8490006,28077.18450000,2417690848.81898720
1740614400000,84250.09000000,87078.46000000,82716.49000000,84708.58000000,42505.45439000,3618738891.22216230,6357581,20355.71969000,1732725913.28176280
1740700800000,84708.57000000,85120.00000000,78258.52000000,84349.94000000,83648.03969000,6806705236.69067870,11344216,40224.85287000,3274291175.81039970
1740787200000,84349.95000000,86558.00000000,83824.78000000,86064.53000000,25785.05464000,2194003507.85264280,3700728,11748.10769000,1000093822.53835250
1740873600000,86064.54000000,95000.00000000,85050.60000000,94270.00000000,54889.09045000,4972549515.78866870,7403218,29273.81031000,2652973441.15453900
1740960000000,94269.99000000,94416.46000000,85117.11000000,86220.61000000,59171.10218000,5321123743.47192310,9797860,27915.43650000,2513464571.35691100
1741046400000,86221.16000000,88967.52000000,81500.00000000,87281.98000000,55609.10706000,4704901219.59043560,10326631,27584.71590000,2335087296.23928690
1741132800000,87281.98000000,91000.00000000,86334.53000000,90606.01000000,38264.01163000,3400243670.30497560,8070266,19230.28436000,1709708737.46989350
1741219200000,90606.00000000,92810.64000000,87836.00000000,89931.89000000,34342.44902000,3105145628.39939920,7643526,17283.99411000,1563426526.42899340
1741305600000,89931.88000000,91283.02000000,84667.03000000,86801.75000000,57980.35713000,5097554826.61315770,9510442,28394.41537000,2497922400.45044460
1741392000000,86801.74000000,86897.25000000,85218.47000000,86222.45000000,12989.23054000,1119358968.65200550,2553974,6491.56581000,559581591.34707420
1741478400000,86222.46000000,86500.00000000,80000.00000000,80734.37000000,26115.39345000,2173552660.45447930,5189138,12093.87232000,1006299692.71041280
1741564800000,80734.48000000,84123.46000000,77459.91000000,78595.86000000,47633.38405000,3834924947.75818610,8701538,22898.57072000,1846606255.35214860
1741651200000,78595.86000000,83617.40000000,76606.00000000,82932.99000000,48770.06853000,3927000827.11079190,6983310,24029.16770000,1935950413.20181940
1741737600000,82932.99000000,84539.85000000,80607.65000000,83680.12000000,31933.98600000,2638600996.82539610,5253577,15749.41702000,1301890518.49940810
1741824000000,83680.12000000,84336.33000000,79939.90000000,81115.78000000,27546.27412000,2260870111.23938940,4367093,13013.18135000,1067945431.12194690
1741910400000,81115.78000000,85309.71000000,80818.84000000,83983.20000000,26858.52755000,2244729595.54117160,3290987,14082.88688000,1177807467.01818000
1741996800000,83983.19000000,84676.28000000,83618.00000000,84338.44000000,11324.73320000,953445671.83375050,1329670,5195.29128000,437551330.25316600
1742083200000,84338.44000000,85117.04000000,81981.12000000,82574.53000000,17596.12531000,1468056556.29672260,2767947,8505.95317000,710037465.07574800
1742169600000,82574.52000000,84756.83000000,82456.00000000,84010.03000000,17214.74358000,1437716814.04687390,3014756,8387.89111000,700505421.78772940
1742256000000,84010.02000000,84021.74000000,81134.66000000,82715.03000000,17610.89883000,1450813055.47972610,3126371,8047.23418000,662808749.34278870
1742342400000,82715.03000000,87000.00000000,82547.16000000,86845.94000000,28151.05374000,2375813941.94376220,3774761,13804.24847000,1166238970.28114650
1742428800000,86845.93000000,87453.67000000,83655.23000000,84223.39000000,22090.30463000,1885241921.15565180,3252595,10163.59262000,867440339.29626070
1742515200000,84223.38000000,84850.33000000,83175.25000000,84088.79000000,11956.97443000,1005135519.25600170,2360005,5466.41961000,459501348.08175830
1742601600000,84088.79000000,84539.17000000,83625.10000000,83840.59000000,5420.22114000,456235443.80165220,864481,2284.19178000,192291026.78742480
1742688000000,83840.59000000,86129.64000000,83809.75000000,86082.50000000,8461.97813000,718692319.14990380,1206533,4424.81013000,376007261.52135970
1742774400000,86082.50000000,88765.43000000,85519.09000000,87498.16000000,30115.62111000,2636765917.95184350,2916713,14379.95578000,1258638667.11290410
1742860800000,87498.16000000,88539.63000000,86310.00000000,87392.87000000,22643.25248000,1979571590.89829370,2802815,9440.56294000,825308072.63378140
1742947200000,87392.88000000,88275.00000000,85860.00000000,86909.17000000,18408.78485000,1606406955.58646330,2380154,8590.97753000,749604853.29681350
1743033600000,86909.17000000,87756.39000000,85800.00000000,87232.01000000,17098.03897000,1487968807.70790220,2376381,8185.05517000,712324893.28891680
1743120000000,87232.01000000,87515.67000000,83585.00000000,84424.38000000,27182.73169000,2309946560.66411380,3236085,11274.83736000,958523321.81127310
1743206400000,84424.38000000,84624.73000000,81644.81000000,82648.54000000,11696.39864000,970199917.98687160,2172387,5621.60485000,466215575.48490690
1743292800000,82648.53000000,83534.64000000,81565.00000000,82389.99000000,9864.49508000,816584795.52881260,1907663,4725.07105000,391214080.11011610
1743379200000,82390.00000000,83943.08000000,81278.52000000,82550.01000000,20569.13885000,1696009191.08096490,3964358,9912.88184000,817875871.11074120
1743465600000,82550.00000000,85579.46000000,82432.74000000,85158.34000000,20190.39697000,1698895702.57546820,3328693,10246.42648000,862302772.43308630
1743552000000,85158.35000000,88500.00000000,82320.00000000,82516.29000000,39931.45700000,3417279759.83076360,5338238,20739.67809000,1777735583.84074790
1743638400000,82516.28000000,83998.02000000,81211.24000000,83213.09000000,27337.84135000,2259299724.86439270,4117486,13951.52792000,1153439398.61980140
1743724800000,83213.09000000,84720.00000000,81659.00000000,83889.87000000,32915.53976000,2739842666.42673680,4992586,15896.18779000,1323832046.26468800
1743811200000,83889.87000000,84266.00000000,82379.95000000,83537.99000000,9360.40468000,779626577.90134360,1575750,4029.64658000,335654613.72771840
1743897600000,83537.99000000,83817.63000000,77153.83000000,78430.00000000,27942.71436000,2239085051.15296450,3948493,12493.84490000,1001459573.49446610
1743984000000,78430.00000000,81243.58000000,74508.00000000,79163.24000000,78387.53089000,6084614024.15064720,9736596,39075.84274000,3034375055.68439650
1744070400000,79163.24000000,80867.99000000,76239.90000000,76322.42000000,35317.32063000,2775277777.10246080,5512751,15704.73031000,1235370767.11535030
1744156800000,76322.42000000,83588.00000000,74620.00000000,82615.22000000,75488.28772000,5980231256.22249600,7741252,39491.62958000,3137004042.95926080
1744243200000,82615.22000000,82753.21000000,78464.36000000,79607.30000000,33284.80718000,2690294353.84784260,4529545,16339.91910000,1321475356.02008490
1744329600000,79607.30000000,84300.00000000,78969.58000000,83423.84000000,34435.43797000,2830363945.17875230,4423157,18019.58367000,1482515278.91770430
1744416000000,83423.83000000,85905.00000000,82792.95000000,85276.90000000,18470.74437000,1557403252.92675150,2501196,9526.72644000,803747272.78346800
1744502400000,85276.91000000,86100.00000000,83034.23000000,83760.00000000,24680.04181000,2086106375.43925540,3275879,11658.67909000,986303246.09318360
1744588800000,83760.00000000,85799.99000000,83678.00000000,84591.58000000,28659.09348000,2429132805.08152890,3921522,15196.58929000,1288815999.14061730
1744675200000,84591.58000000,86496.42000000,83600.00000000,83643.99000000,20910.99528000,1780972414.39560070,2910533,10439.36072000,889895753.16736510
1744761600000,83643.99000000,85500.00000000,83111.64000000,84030.38000000,20867.24519000,1753910031.20092420,3264730,10456.76900000,878939829.48483680
1744848000000,84030.38000000,85470.01000000,83736.26000000,84947.91000000,13728.84772000,1161659427.38626280,2003405,6424.41565000,543726754.41870160
1744934400000,84947.92000000,85132.08000000,84303.96000000,84474.69000000,6529.96315000,552648483.64748710,840009,2911.78856000,246467088.26214660
1745020800000,84474.70000000,85677.99000000,84364.45000000,85077.01000000,9666.58153000,823222752.28424930,875226,5416.30087000,461342923.99908200
1745107200000,85077.00000000,85320.76000000,83949.52000000,85179.24000000,8091.67725000,685253644.89183620,944130,3843.48314000,325482835.73783290
1745193600000,85179.24000000,88465.99000000,85144.76000000,87516.23000000,31773.37262000,2773299591.46706560,3041395,17216.39877000,1502705225.13413500
1745280000000,87516.22000000,93888.00000000,87076.03000000,93442.99000000,43872.74705000,3967785064.12817020,3268475,22777.77047000,2062639579.20308550
1745366400000,93442.99000000,94696.05000000,91935.41000000,93691.08000000,27404.16808000,2560279933.94795160,3016536,13128.05774000,1226992558.57654620
1745452800000,93691.07000000,94005.00000000,91660.01000000,93980.47000000,19497.06071000,1811120137.31467870,2797383,8565.18128000,795787487.36089810
1745539200000,93980.47000000,95758.04000000,92855.96000000,94638.68000000,27500.66648000,2596877713.64017280,3331828,13072.22136000,1234153095.72926820
1745625600000,94638.68000000,95199.00000000,93870.69000000,94628.00000000,9415.06875000,889627361.84144470,1475983,4156.22463000,392757114.43835790
1745712000000,94628.00000000,95369.00000000,93602.58000000,93749.30000000,11162.84100000,1052334792.18661890,1918160,5250.08719000,495112239.10816970
1745798400000,93749.29000000,95630.00000000,92800.01000000,95011.18000000,22157.53351000,2092532996.55517170,3424740,11626.77592000,1098667305.23999790
1745884800000,95011.18000000,95461.53000000,93742.54000000,94256.82000000,16955.34020000,1607154803.46754770,3020875,7112.68469000,674688527.81306600
1745971200000,94256.82000000,95228.45000000,92910.00000000,94172.00000000,17661.27510000,1664825670.98312510,3214149,8393.21620000,791272380.03124470
1746057600000,94172.00000000,97424.02000000,94130.43000000,96489.91000000,21380.45343000,2053857614.27326720,2925716,10925.87308000,1049157198.85876350
1746144000000,96489.90000000,97895.68000000,96350.00000000,96887.14000000,14905.74811000,1446387651.58405750,2698263,7440.33531000,722022817.22461990
1746230400000,96887.13000000,96935.67000000,95753.01000000,95856.42000000,9723.34838000,935906144.96514980,1181239,3929.40490000,378271292.44431450
1746316800000,95856.42000000,96304.48000000,94151.38000000,94277.62000000,11036.38342000,1053542403.85315880,1674726,4385.33486000,418573470.85696230
1746403200000,94277.61000000,95199.00000000,93514.10000000,94733.68000000,17251.18189000,1626999380.17599680,2623300,8399.64855000,792299650.33952020
1746489600000,94733.68000000,96920.65000000,93377.00000000,96834.02000000,16122.64513000,1526847764.56366820,2512960,7505.95734000,711372483.61171350
1746576000000,96834.02000000,97732.00000000,95784.61000000,97030.50000000,16644.83854000,1611730124.59245430,2849139,8316.74471000,805430612.40553540
1746662400000,97030.50000000,104145.76000000,96876.29000000,103261.60000000,34962.02847000,3508645830.56501440,4991147,18547.23009000,1861334478.36442700
1746748800000,103261.61000000,104361.30000000,102315.14000000,102971.99000000,27617.39907000,2847518447.98151310,4406929,14525.20381000,1497826622.32618800
1746835200000,102971.99000000,104984.57000000,102818.76000000,104809.53000000,15324.78611000,1588386278.50241500,2227845,8258.23478000,856095289.52166460
1746921600000,104809.53000000,104972.00000000,103345.06000000,104118.00000000,17987.12197000,1873381777.21242540,3100176,9071.95578000,944903285.10730800
1747008000000,104118.00000000,105819.45000000,100718.37000000,102791.32000000,31272.77792000,3242348937.38306910,5298407,16455.99797000,1707457796.58813950
1747094400000,102791.32000000,104976.25000000,101429.70000000,104103.72000000,21253.42409000,2197244118.15236690,3703531,10705.97845000,1106609664.70779500
1747180800000,104103.72000000,104356.95000000,102602.05000000,103507.82000000,16452.90810000,1704708279.38841090,3025221,8026.03333000,831783471.65436100
1747267200000,103507.83000000,104192.70000000,101383.07000000,103763.71000000,17998.98604000,1850183474.52920360,4139477,8475.18036000,871244345.56413600
1747353600000,103763.71000000,104550.33000000,103100.49000000,103463.90000000,15683.88024000,1628832372.32414810,3237442,7555.15801000,784850382.19427470
1747440000000,103463.90000000,103709.86000000,102612.50000000,103126.65000000,11250.89622000,1160418362.95061810,2568597,5335.11525000,550379728.73385010
1747526400000,103126.65000000,106660.00000000,103105.09000000,106454.26000000,21599.98726000,2262214972.07493840,3193300,11664.89904000,1221914552.05520120
1747612800000,106454.27000000,107108.62000000,102000.00000000,105573.74000000,30260.03524000,3150324504.59545150,4881371,14208.30900000,1480452895.08415620
1747699200000,105573.73000000,107320.00000000,104184.72000000,106849.99000000,23705.48275000,2509102444.66959820,3878351,12350.46275000,1307273652.38952320
1747785600000,106850.00000000,110797.38000000,106100.01000000,109643.99000000,45531.04034500,4914709514.32002680,6835279,23661.64939500,2555528481.09872580
1747872000000,109643.99000000,111980.00000000,109177.37000000,111696.21000000,31630.77313000,3509432834.57341730,5794216,16584.56293000,1840083098.58278590
1747958400000,111696.22000000,111800.00000000,106800.00000000,107318.30000000,31737.72309000,3469704446.39040470,5251192,14309.31652000,1565622441.18751700
1748044800000,107318.30000000,109506.03000000,106875.41000000,107761.91000000,16782.53129000,1819958819.77485860,2805418,8786.90747000,953683093.32165700
1748131200000,107761.90000000,109299.99000000,106600.64000000,109004.19000000,17710.04695000,1904366455.42585800,3151168,7867.16712000,846688135.00971360
1748217600000,109004.20000000,110422.22000000,108670.58000000,109434.79000000,14649.11593000,1605578282.10790310,2887863,7301.11288000,800269021.19227970
1748304000000,109434.78000000,110718.00000000,107516.57000000,108938.17000000,21276.65635000,2327603851.11926510,3735509,9969.89271000,1090553624.46159920
1748390400000,108938.17000000,109284.70000000,106769.43000000,107781.78000000,15633.78829000,1689136748.51303130,2933262,6877.27341000,743282966.72071960
1748476800000,107781.78000000,108891.91000000,105322.86000000,105589.75000000,19834.70116000,2128639017.50816180,3774926,9457.49356000,1015173771.54898980
1748563200000,105589.75000000,106313.12000000,103621.00000000,103985.48000000,23706.49799000,2493078549.59186090,4307572,11070.98746000,1164158558.64358540
1748649600000,103985.47000000,104900.00000000,103068.55000000,104591.88000000,11289.35922000,1174000801.50703790,2343787,5278.95175000,548980630.84935780
1748736000000,104591.88000000,105866.91000000,103752.49000000,105642.93000000,9709.70006000,1016188486.95059960,1939359,4640.35070000,485683466.93478430
1748822400000,105642.93000000,105935.63000000,103659.88000000,105857.99000000,13453.98813000,1409004206.98637330,2997656,6494.65497000,680177826.61441720
1748908800000,105858.00000000,106794.67000000,104872.50000000,105376.89000000,13259.52634000,1402493746.59932180,2470698,6260.22436000,662160926.82412260
1748995200000,105376.90000000,106000.00000000,104179.00000000,104696.86000000,14034.89482000,1476928482.36887810,2274464,6979.94910000,734803757.41858380
1749081600000,104696.86000000,105909.71000000,100372.26000000,101508.68000000,22321.50154000,2301567892.53054470,3963295,10005.36019000,1031668517.04271110
1749168000000,101508.69000000,105333.00000000,101095.80000000,104288.44000000,15839.07385000,1642382404.93557530,2709327,7655.60679000,793575821.43579320
1749254400000,104288.43000000,105900.00000000,103871.09000000,105552.15000000,8344.93206000,877915380.95482310,1402494,3970.01912000,417664199.19127120
1749340800000,105552.15000000,106488.14000000,104964.14000000,105734.00000000,8048.06305000,850887129.42829760,1295154,4361.42266000,461098506.08832400
1749427200000,105734.01000000,110530.17000000,105318.37000000,110263.02000000,19975.37451000,2154922022.22117280,2839846,10623.88217000,1146790065.51356160
1749513600000,110263.02000000,110400.00000000,108331.03000000,110274.39000000,17071.82839000,1867620550.19217290,3003420,8009.29581000,876411274.39694880
1749600000000,110274.39000000,110392.01000000,108064.00000000,108645.12000000,13115.91638000,1434884639.75063030,2667014,6030.96867000,659947218.00338690
1749686400000,108645.13000000,108813.55000000,105671.72000000,105671.73000000,17778.67218000,1908309274.08683440,3517420,8291.22648000,890420511.47044150
1749772800000,105671.74000000,106179.53000000,102664.31000000,106066.59000000,26180.81734000,2735461890.69297020,5452577,12793.70705000,1337300355.99521930
1749859200000,106066.59000000,106252.00000000,104300.00000000,105414.64000000,8798.93969000,925568614.17840650,1521776,3848.55498000,405001275.92627160
1749945600000,105414.63000000,106128.57000000,104494.53000000,105594.01000000,7164.20047000,754596887.87480040,1564768,3356.46912000,353608577.68537740
1750032000000,105594.02000000,108952.38000000,104980.37000000,106794.53000000,14922.66540000,1599849840.73252440,2928998,7442.34921000,797865030.13661780
1750118400000,106794.53000000,107771.34000000,103371.02000000,104551.17000000,17866.33025000,1883173484.89909980,3723010,8082.65290000,852365443.21135600
1750204800000,104551.17000000,105550.27000000,103500.00000000,104886.78000000,13968.64167000,1461383024.36220930,3468170,6656.31474000,696386846.69042960
1750291200000,104886.79000000,105226.17000000,103929.27000000,104658.59000000,7678.60737000,803402575.96204490,1718045,3583.19736000,374871407.41073340
1750377600000,104658.59000000,106524.65000000,102345.00000000,103297.99000000,16419.06283000,1714411911.01140170,3029404,7113.97039000,743649283.08002110
1750464000000,103297.98000000,103982.64000000,100837.90000000,102120.01000000,11154.21332000,1144829784.73064180,2172578,4632.93703000,475270667.42267620
1750550400000,102120.02000000,103399.62000000,98200.00000000,100963.87000000,28746.41072000,2892695407.80868790,5121309,13142.02965000,1322387353.31664010
1750636800000,100963.87000000,106074.20000000,99613.33000000,105333.93000000,27666.50609000,2836166831.04444880,4944207,13408.20163000,1375654853.25846600
1750723200000,105333.94000000,106290.00000000,104622.02000000,106083.00000000,14651.69335000,1543451113.45636120,2973481,6848.32158000,721631005.28932640
1750809600000,106083.00000000,108135.30000000,105808.03000000,107340.58000000,16701.15551000,1789545470.94629000,2988892,8576.13709000,919352853.80641200
1750896000000,107340.59000000,108272.45000000,106562.50000000,106947.06000000,10573.27279000,1136093974.68160140,2597742,4983.08998000,535471528.19449270
1750982400000,106947.06000000,107735.34000000,106356.76000000,107047.59000000,12232.44042000,1308420348.91000950,2304499,4862.28010000,520251258.37876640
1751068800000,107047.58000000,107577.75000000,106811.51000000,107296.79000000,3282.17352000,352025390.60311350,653305,1514.41959000,162441164.01323960
1751155200000,107296.79000000,108528.50000000,107172.52000000,108356.93000000,6831.73640000,736708189.94956840,1223202,3771.10895000,406653127.09208040
1751241600000,108356.93000000,108789.99000000,106733.33000000,107146.50000000,9754.12491000,1050407152.34505800,1773485,4331.38130000,466474537.78821220
1751328000000,107146.51000000,107540.00000000,105250.85000000,105681.14000000,10505.62437000,1117432945.89263660,2013289,4648.91727000,494549276.18377850
1751414400000,105681.13000000,109730.00000000,105100.19000000,108849.60000000,17691.89592000,1915699005.87728970,2444708,9248.43029000,1002261738.20887520
1751500800000,108849.59000000,110529.18000000,108530.40000000,109584.78000000,13047.08225000,1429459048.63832610,2568944,6961.89686000,763022147.91167700
1751587200000,109584.77000000,109767.59000000,107245.00000000,107984.24000000,11793.86615000,1276215111.66836520,1975212,4787.79822000,518313226.96675600
1751673600000,107984.25000000,108420.56000000,107756.31000000,108198.12000000,3736.97570000,403928702.19674760,710020,1803.68528000,194976807.36330110
1751760000000,108198.12000000,109700.00000000,107800.01000000,109203.84000000,6447.60700000,700733299.51121990,1256591,3209.35902000,348780644.23317400
1751846400000,109203.85000000,109700.00000000,107513.20000000,108262.94000000,9405.37601000,1020848316.05370420,1961940,3920.92229000,425664101.80223870
1751932800000,108262.94000000,109216.56000000,107429.57000000,108922.98000000,9216.02080000,1000112813.43989430,1723244,4371.98866000,474674358.99748990
1752019200000,108922.99000000,111999.79000000,108324.53000000,111233.99000000,17282.28650000,1902054744.19492400,2328484,8935.70327000,983405508.74821380
1752105600000,111234.00000000,116868.00000000,110500.00000000,116010.00000000,24883.45066500,2826460280.44522334,3227017,12900.13546700,1465777460.94107554
1752192000000,116010.01000000,118869.98000000,115222.22000000,117527.66000000,25873.52114800,3039521803.02724685,3708194,12502.93116800,1468374333.95021235
1752278400000,117527.66000000,118200.00000000,116900.05000000,117420.00000000,8446.60437000,993093353.40689040,1441851,3784.55219000,444996040.90597870
1752364800000,117420.00000000,119488.00000000,117224.79000000,119086.64000000,9550.79294700,1132096857.01169159,1650283,4766.47430700,565024389.37239190
1752451200000,119086.65000000,123218.00000000,118905.18000000,119841.18000000,27269.34887700,3299746181.07707340,4076133,14099.58074700,1705505292.66472420
1752537600000,119841.17000000,119940.83000000,115736.92000000,117758.09000000,32018.46083000,3755258445.55327170,3805374,15667.30508000,1837578524.92386480
1752624000000,117758.08000000,120063.84000000,117017.29000000,118630.43000000,17039.90851000,2023850383.72348730,2429625,8355.96881000,992430971.36759030
1752710400000,118630.44000000,120998.71000000,117453.57000000,119177.56000000,15728.57651000,1869114355.12316430,2347985,7696.17927000,914659207.57442780
1752796800000,119177.56000000,120820.71000000,116812.76000000,117924.84000000,19924.66266000,2367355518.47030790,2805236,8951.37863000,1063782057.47856260
1752883200000,117924.84000000,118499.90000000,117277.34000000,117840.00000000,6635.80306000,783327898.49696960,1133382,2978.38320000,351626384.05029030
1752969600000,117840.01000000,118856.80000000,116467.02000000,117265.12000000,12962.92889000,1528864683.81608200,1615935,6581.33371000,776457462.98182540
1753056000000,117265.11000000,119676.73000000,116515.00000000,117380.36000000,17107.33128000,2020783266.96336490,2509543,8426.31812000,995117241.66790940
1753142400000,117380.36000000,120247.80000000,116128.00000000,119954.42000000,20959.12973000,2481252763.65191060,2778733,10811.45507000,1280627214.62852240
1753228800000,119954.43000000,120090.00000000,117301.00000000,118755.99000000,14558.75083000,1722126986.88666100,2101404,7070.08701000,836266328.74468310
1753315200000,118756.00000000,119450.00000000,117103.10000000,118340.99000000,15806.89043000,1873181653.20180740,2081435,7651.73992000,906619084.60359310
1753401600000,118340.98000000,118451.57000000,114723.16000000,117614.31000000,38406.34873000,4456778786.62049410,3282355,17042.77355000,1977873720.89647240
1753488000000,117614.31000000,118297.35000000,117138.38000000,117919.99000000,6991.67206000,823629079.74931030,790372,3167.88355000,373290310.21643520
1753574400000,117919.99000000,119766.65000000,117825.50000000,119415.55000000,9328.30919000,1107883542.16079820,1095080,5238.30358000,622261561.25072770
1753660800000,119415.56000000,119800.00000000,117427.50000000,118062.32000000,13961.74754000,1655882235.89651800,1824777,7224.91774000,857128354.22340880
1753747200000,118062.32000000,119273.36000000,116950.75000000,117950.76000000,15137.93445000,1788682083.68564630,1956694,7988.93736000,944162800.07458740
1753833600000,117950.75000000,118792.00000000,115796.23000000,117840.30000000,15586.73631000,1832696878.22298590,1997369,7803.61434000,917632890.23365260
1753920000000,117840.29000000,118922.45000000,115500.00000000,115764.08000000,17010.00730000,2002870016.70224260,1859532,8313.51616000,979519362.06854240
1754006400000,115764.07000000,116052.00000000,112722.58000000,113297.93000000,24487.10206000,2810268577.15136990,4160829,11487.22120000,1318593418.06125480
1754092800000,113297.92000000,114063.49000000,112003.00000000,112546.35000000,11507.33428000,1301882737.32672200,2165714,5060.00835000,572586383.07173130
1754179200000,112546.35000000,114799.97000000,111920.00000000,114208.80000000,7397.76046000,841090034.15425410,1419281,3738.18331000,425246221.29553040
1754265600000,114208.81000000,115720.00000000,114107.60000000,115055.03000000,9667.67916000,1109938874.06297080,1954230,4715.29351000,541443274.80937470
1754352000000,115055.03000000,115127.81000000,112650.00000000,114129.75000000,12042.79078000,1371861747.14661660,2581052,5622.66754000,640570774.10106840
1754438400000,114129.75000000,115716.00000000,113355.13000000,114992.27000000,9761.15318000,1118028732.85891840,2026500,4872.24748000,558193207.67707200
1754524800000,114992.27000000,117621.00000000,114259.00000000,117472.01000000,13468.56263000,1564454297.83692700,2314671,7008.73753000,814088870.44463200
1754611200000,117472.02000000,117630.00000000,115878.71000000,116674.74000000,10045.31278000,1172199778.72425470,2095304,4584.90574000,534970598.46875020
1754697600000,116674.74000000,117944.05000000,116299.13000000,116462.25000000,9514.13144000,1111837601.70237220,1390951,4869.85416000,569228301.11699460
1754784000000,116462.25000000,119311.11000000,116460.63000000,119294.01000000,14322.77073000,1694198747.87187080,2317065,8023.43513000,949082473.72132200
1754870400000,119294.27000000,122335.16000000,118050.11000000,118686.00000000,26494.33429000,3194611530.54106930,4021743,13243.42946000,1596640461.64307680
1754956800000,118686.00000000,120324.43000000,118207.47000000,120134.08000000,16720.10893000,1992762473.58525770,2737841,9265.05962000,1104367998.19617160
1755043200000,120134.09000000,123667.79000000,118920.92000000,123306.43000000,23210.07102000,2811581348.38745740,3712817,11931.26825000,1446045988.04831460
1755129600000,123306.44000000,124474.00000000,117180.00000000,118295.09000000,27980.94758600,3359128391.10852380,4350449,13402.07847600,1608719584.86973360
1755216000000,118295.09000000,119216.82000000,116803.99000000,117342.05000000,13623.33874000,1607609329.68510110,2895016,6141.41708000,724799635.81724670
1755302400000,117342.04000000,117898.99000000,117143.98000000,117380.66000000,6393.68117000,751719391.77236380,1179842,2995.22865000,352158781.09645510
1755388800000,117380.66000000,118575.00000000,117172.21000000,117405.01000000,5898.64192000,695629197.90380730,1177563,2804.73113000,330799448.09036540
1755475200000,117405.01000000,117543.75000000,114640.14000000,116227.05000000,17745.93954000,2053814085.47177750,3346280,7647.70667000,885108979.48874850
1755561600000,116227.05000000,116725.69000000,112732.58000000,112872.94000000,18065.47424000,2065010895.85846640,3291182,8609.41370000,984093545.59442210
1755648000000,112872.95000000,114615.38000000,112380.00000000,114271.24000000,15636.34194000,1776149566.12477360,2998370,7209.58575000,819330970.21586190
1755734400000,114271.23000000,114821.76000000,112015.67000000,112500.00000000,10839.69235000,1227373788.61556290,2357380,5346.48007000,605400341.45449280
1755820800000,112500.00000000,117429.05000000,111684.79000000,116935.99000000,23128.09037000,2656625122.27778650,3438518,11843.59711000,1359907711.87266930
1755907200000,116936.00000000,117030.00000000,114560.00000000,115438.05000000,11329.36197000,1308825428.01435860,1559569,5083.35014000,587273893.13144330
1755993600000,115438.06000000,115666.68000000,110680.00000000,113493.59000000,21175.98462000,2411284606.18917640,2573906,9325.06710000,1061855201.33431230
1756080000000,113493.59000000,113667.28000000,109274.10000000,110111.98000000,25182.79379000,2805570653.63102300,4695718,11387.58170000,1269662985.34417990
1756166400000,110111.98000000,112371.00000000,108666.66000000,111763.22000000,18452.43877000,2033437347.49993920,4077474,9863.43157000,1087468493.59696390
1756252800000,111763.22000000,112625.00000000,110345.42000000,111262.01000000,13392.60875000,1493774927.19083180,3111496,6261.84550000,698586344.17747960
1756339200000,111262.01000000,113485.90000000,110862.42000000,112566.90000000,11104.27744000,1250788481.94532180,2066780,5139.46509000,578866003.68381480
1756425600000,112566.90000000,112638.64000000,107463.90000000,108377.40000000,22580.31045000,2475492492.57752970,3606959,10616.35644000,1164321513.10445710
1756512000000,108377.40000000,108926.15000000,107350.10000000,108816.33000000,10708.39159000,1160666772.73875230,1411040,5797.17783000,628457794.84340100
1756598400000,108816.33000000,109480.02000000,108076.93000000,108246.35000000,9489.51596000,1031806894.35133180,1366633,4573.61058000,497406888.16918830
1756684800000,108246.36000000,109912.40000000,107255.00000000,109237.42000000,16053.60219000,1742516638.78113520,2729384,7532.99101000,817730948.98443340
1756771200000,109237.43000000,111771.52000000,108393.39000000,111240.01000000,18510.28756000,2042681451.90163840,2596328,9088.71727000,1003032805.53679950
1756857600000,111240.01000000,112575.27000000,110528.71000000,111705.71000000,11773.72084000,1313762617.34366450,2214249,5539.29462000,618293676.50751790
1756944000000,111705.72000000,112180.00000000,109329.12000000,110730.87000000,12203.13536000,1349031325.53208460,2230255,6070.78151000,670681185.82571010
1757030400000,110730.87000000,113384.62000000,110206.96000000,110659.99000000,21587.40888000,2413132200.62332500,2970419,10787.81127000,1206066261.22720100
1757116800000,110660.00000000,111307.70000000,109977.00000000,110187.97000000,5000.29897000,552785936.54346990,795201,2308.83297000,255237426.94601100
1757203200000,110187.98000000,111600.00000000,110180.00000000,111137.34000000,5681.29944000,630447950.15886890,874961,2570.85199000,285303923.54046230
1757289600000,111137.35000000,112924.37000000,110621.78000000,112065.23000000,11582.40211000,1295903862.46496030,1744598,5531.65969000,618773275.35763070
1757376000000,112065.23000000,113293.29000000,110766.66000000,111546.39000000,15379.28248000,1721465997.90636600,2143242,7597.38038000,849973176.17756840
1757462400000,111546.38000000,114313.13000000,110917.45000000,113960.00000000,17517.41823000,1978834750.22231150,2182534,8274.63998000,934646697.48233240
1757548800000,113960.00000000,115488.09000000,113430.00000000,115482.69000000,13676.73119000,1562241144.95654100,2166359,6744.29993000,770595422.69052130
1757635200000,115482.69000000,116665.63000000,114740.99000000,116029.42000000,15324.10719000,1772122269.50186350,2481491,7995.57276000,924775389.85693960
1757721600000,116029.41000000,116298.78000000,115127.27000000,115918.29000000,8269.40394000,957724220.64976110,1223635,3590.09359000,415773029.43935270
1757808000000,115918.29000000,116165.19000000,115135.00000000,115268.01000000,6707.60197000,775762364.96859910,1237218,3406.90777000,393977059.30354210
1757894400000,115268.01000000,116757.99000000,114384.00000000,115349.71000000,13212.51149000,1522648235.22351530,2857989,6621.36360000,763138585.68502490
1757980800000,115349.71000000,116964.27000000,114737.11000000,116788.96000000,10926.90940000,1265779287.51692670,2047058,5292.18365000,613182568.99191850
1758067200000,116788.96000000,117286.73000000,114720.81000000,116447.59000000,16754.24540000,1946083704.62174570,3227418,7975.00190000,926282110.83307900
1758153600000,116447.60000000,117900.00000000,116092.76000000,117073.53000000,11657.23365000,1367513347.48650940,2252654,5717.34538000,670700552.93472770
1758240000000,117073.53000000,117459.99000000,115100.00000000,115632.38000000,8992.09065000,1045792401.45323890,1732471,4020.81483000,467345983.07867990
1758326400000,115632.39000000,116121.81000000,115408.47000000,115685.63000000,4674.92752000,541264273.24168940,740451,2276.16483000,263511469.84325880
1758412800000,115685.63000000,115819.06000000,115188.00000000,115232.29000000,4511.52219000,521299751.15040960,945965,2016.72489000,233031538.74699310
1758499200000,115232.29000000,115379.25000000,111800.00000000,112650.99000000,20781.71356000,2348872511.69887510,3045876,9312.35777000,1052684266.89818760
1758585600000,112650.99000000,113290.50000000,111458.73000000,111998.80000000,12301.32030000,1383869800.27370310,2455729,5543.36090000,623665658.72003280
1758672000000,111998.80000000,113940.00000000,111042.66000000,113307.00000000,12369.25967000,1394470628.50258200,2229837,6100.69487000,687826281.22047700
1758758400000,113307.01000000,113510.23000000,108631.51000000,108994.49000000,21231.14957000,2356639689.92521460,4409953,9511.07937000,1055527535.76844470
1758844800000,108994.49000000,110300.00000000,108620.07000000,109643.46000000,14243.01591000,1557098915.93925960,3257155,6978.29033000,762955442.75240000
1758931200000,109643.46000000,109743.91000000,109064.40000000,109635.85000000,5501.78643000,601947588.99707650,919594,2523.25886000,276080500.99419540
1759017600000,109635.85000000,112350.00000000,109189.99000000,112163.95000000,7542.33160000,832254944.32033530,1484866,3781.87606000,417495757.16935000
1759104000000,112163.96000000,114400.00000000,111560.65000000,114311.96000000,15541.12005000,1755247635.87113600,2442653,7836.68768000,884934987.56875300
1759190400000,114311.97000000,114792.00000000,112656.27000000,114048.93000000,15044.15633000,1710713267.13009550,3018331,7185.72154000,817044461.27018150
1759276800000,114048.94000000,118649.10000000,113966.67000000,118594.99000000,20036.39516000,2332096981.26593350,3430343,10071.04092000,1172422657.40651740
1759363200000,118594.99000000,121022.07000000,118279.31000000,120529.35000000,19670.83503000,2349861127.34458050,3472073,9753.07848000,1164986423.98980750
1759449600000,120529.35000000,123894.99000000,119248.30000000,122232.00000000,23936.32800000,2907381076.68131880,4246820,11288.62355000,1372792607.61362140
1759536000000,122232.21000000,122800.00000000,121510.00000000,122391.00000000,8208.16678000,1002272903.34464720,1703590,3767.80335000,460154433.12366190
1759622400000,122390.99000000,125708.42000000,122136.00000000,123482.31000000,22043.09755300,2730817470.93956400,3690670,11780.67240300,1459478400.91099630
1759708800000,123482.32000000,126199.63000000,123084.00000000,124658.54000000,19494.62879300,2428828952.26531830,4206167,9963.00815300,1241625129.71771830
1759795200000,124658.54000000,125126.00000000,120574.94000000,121332.95000000,21633.99385000,2657405799.87054860,4390785,9699.35099000,1191947741.69890580
1759881600000,121332.96000000,124197.25000000,121066.14000000,123306.00000000,17012.61800000,2084842842.44161690,4184997,9039.06222000,1107976264.69485960
1759968000000,123306.01000000,123762.94000000,119651.47000000,121662.40000000,21559.36007000,2621438087.56673310,4231167,10144.15364000,1233882833.56423890
1760054400000,121662.41000000,122550.00000000,102000.00000000,112774.50000000,64171.93927000,7349750905.04115730,11404522,30502.14297000,3493298452.84600770
1760140800000,112774.49000000,113322.39000000,109561.59000000,110644.40000000,35448.51652000,3961069473.23113630,6661929,15375.94796000,1718429599.56695220
1760227200000,110644.40000000,115770.00000000,109565.06000000,114958.80000000,32255.30272000,3638546528.74015580,6048575,16915.44533000,1907676479.17725090
1760313600000,114958.81000000,115963.81000000,113616.50000000,115166.00000000,22557.24033000,2591831660.98574920,5739352,10710.89723000,1230950583.84246650
1760400000000,115166.00000000,115409.96000000,109866.00000000,113028.14000000,31870.32974000,3578140778.80849870,7425642,14944.19197000,1677011392.63438070
1760486400000,113028.13000000,113612.35000000,110164.00000000,110763.28000000,22986.48811000,2569639641.35276860,5243141,10499.31831000,1173678794.92077390
1760572800000,110763.28000000,111982.45000000,107427.00000000,108194.28000000,29857.17252000,3277596494.76191940,6127094,13126.95119000,1441416875.12637710
1760659200000,108194.27000000,109240.00000000,103528.23000000,106431.68000000,37920.66838000,4022645635.22120190,7570685,17996.99946000,1909654487.45622080
1760745600000,106431.68000000,107499.00000000,106322.20000000,107185.01000000,11123.18766000,1189002999.14311300,2105450,4845.85641000,518065716.66181290
1760832000000,107185.00000000,109450.07000000,106103.36000000,108642.78000000,15480.66423000,1670074079.58023430,3205640,7100.31013000,766423535.81773780
1760918400000,108642.77000000,111705.56000000,107402.52000000,110532.09000000,19193.44160000,2119912185.59346830,4283542,9280.50075000,1024925788.72169910
1761004800000,110532.09000000,114000.00000000,107473.72000000,108297.67000000,37228.01659000,4114477849.93205410,6004063,17034.07155000,1881327751.33461280
1761091200000,108297.66000000,109163.88000000,106666.69000000,107567.44000000,28610.78451000,3090291706.44398170,5547903,13766.58861000,1487179903.59997880
1761177600000,107567.45000000,111293.61000000,107500.00000000,110078.18000000,17573.09294000,1924582289.41139380,3721614,8575.33716000,938905317.70341070
1761264000000,110078.19000000,112104.98000000,109700.01000000,111004.89000000,15005.16913000,1662806764.95333240,3241022,7511.24340000,832390454.80762260
1761350400000,111004.90000000,111943.19000000,110672.86000000,111646.27000000,6407.96864000,714201332.97512240,1238199,3087.08660000,344113931.79994520
1761436800000,111646.27000000,115466.80000000,111260.45000000,114559.40000000,13454.47737000,1525108635.87482900,2463951,6982.18154000,791462349.35160560
1761523200000,114559.41000000,116400.00000000,113830.01000000,114107.65000000,21450.23241000,2470872744.54896810,3660488,10969.70182000,1263753536.99738980
1761609600000,114107.65000000,116086.00000000,112211.00000000,112898.45000000,15523.42257000,1772753529.86427430,3829845,7765.31574000,887031686.01637250
1761696000000,112898.44000000,113643.73000000,109200.00000000,110021.29000000,21079.71376000,2356715986.53354560,4481480,10407.07233000,1163985607.35690850
1761782400000,110021.30000000,111592.00000000,106304.34000000,108322.88000000,25988.82838000,2827221287.42279770,6373451,12551.13144000,1365671836.74559240
1761868800000,108322.87000000,111190.00000000,108275.28000000,109608.01000000,21518.20439000,2361590437.94141060,5256872,10798.53938000,1185034290.92377970
1761955200000,109608.01000000,110564.49000000,109394.81000000,110098.10000000,7378.50431000,812389216.43467980,1994214,3406.68401000,375126956.08097220
1762041600000,110098.10000000,111250.01000000,109471.34000000,110540.68000000,12107.00087000,1336870531.14150130,2652188,5921.86453000,654016950.25497770
1762128000000,110540.69000000,110750.00000000,105306.56000000,106583.04000000,28681.18779000,3076006652.00156760,7074546,12847.08574000,1377869106.66817760
1762214400000,106583.05000000,107299.00000000,98944.36000000,101497.22000000,50534.87376000,5197697635.21241310,9099609,23388.99033000,2406186713.17052980
1762300800000,101497.23000000,104534.74000000,98966.80000000,103885.16000000,33778.77571000,3454273922.70038500,6500368,18126.84828000,1854232277.03301110
1762387200000,103885.16000000,104200.00000000,100300.95000000,101346.04000000,25814.62139000,2641767846.30582700,5755001,11972.54796000,1225474173.02042840
1762473600000,101346.04000000,104096.36000000,99260.86000000,103339.08000000,32059.50942000,3251112979.30588400,6335759,16056.80582000,1629564159.11657990
1762560000000,103339.09000000,103406.22000000,101454.00000000,102312.94000000,12390.77985000,1267165565.37527010,2743819,5862.65977000,599611355.36714670
1762646400000,102312.95000000,105495.62000000,101400.00000000,104722.96000000,16338.97096000,1687020822.36682080,3404204,8224.94939000,849620657.08690970
1762732800000,104722.95000000,106670.11000000,104265.02000000,106011.13000000,22682.25673000,2400141664.38934170,4710957,11595.81944000,1226965888.74676980
1762819200000,106011.13000000,107500.00000000,102476.09000000,103058.99000000,24196.50718000,2532279071.00692150,5532149,10717.03395000,1121890584.19977650
1762905600000,103059.00000000,105333.33000000,100813.59000000,101654.37000000,20457.63906000,2108514405.26087720,5314132,10155.72095000,1047214063.13828700
1762992000000,101654.37000000,104085.01000000,98000.40000000,99692.02000000,36198.50771000,3654698026.54038050,8125404,17250.22426000,1742449117.57636070
1763078400000,99692.03000000,99866.02000000,94012.45000000,94594.00000000,47288.14481000,4566085156.74720680,9551025,21184.91518000,2045542286.86348350
1763164800000,94594.00000000,96846.68000000,94558.49000000,95596.24000000,15110.89391000,1449074019.06748560,4263558,7115.78198000,682358960.75404210
1763251200000,95596.23000000,96635.11000000,93005.55000000,94261.44000000,23889.40510000,2261295524.81733930,5141394,10828.62752000,1025540141.31118660
1763337600000,94261.45000000,96043.00000000,91220.00000000,92215.14000000,39218.59806000,3674562070.23860600,8134322,18690.19245000,1750979467.78626070
1763424000000,92215.14000000,93836.01000000,89253.78000000,92960.83000000,39835.14769000,3641033186.30045840,8786593,20130.95957000,1841176605.14182350
1763510400000,92960.83000000,92980.22000000,88608.00000000,91554.96000000,32286.63760000,2925773651.25595790,6822174,15060.08451000,1365200809.17455710
1763596800000,91554.96000000,93160.00000000,86100.00000000,86637.23000000,39733.19073000,3548950335.09842180,7841395,18283.84047000,1634256490.95743210
1763683200000,86637.22000000,87498.94000000,80600.00000000,85129.43000000,72256.12679000,6061348756.34156410,11826480,34071.85828000,2859133223.22405230
1763769600000,85129.42000000,85620.00000000,83500.00000000,84739.74000000,14193.93263000,1197657354.96903850,4697593,6688.79428000,564562148.93739320
1763856000000,84739.75000000,88127.64000000,84667.57000000,86830.00000000,19734.46418000,1708685030.27986950,5063493,10406.51703000,901210513.52044730
1763942400000,86830.00000000,89228.00000000,85272.00000000,88300.01000000,24663.12795000,2150393686.92031830,6189156,12438.87518000,1085485389.02341670
1764028800000,88300.01000000,88519.99000000,86116.00000000,87369.96000000,19567.04110000,1708989000.03893710,4838747,9423.17985000,823123525.14025590
1764115200000,87369.97000000,90656.08000000,86306.77000000,90484.02000000,21675.82239000,1916851896.66996890,4668280,10883.61063000,962765375.81638320
1764201600000,90484.01000000,91950.00000000,90089.91000000,91333.95000000,16833.50932000,1535778106.57870780,3920172,8898.35835000,812005498.75948750
1764288000000,91333.94000000,93092.00000000,90180.63000000,90890.70000000,18830.86012000,1721418035.07955960,4229754,8961.64712000,820315728.91869100
1764374400000,90890.71000000,91165.65000000,90155.47000000,90802.44000000,7429.88291000,673725652.97876550,1677860,3359.04932000,304614219.14525830
1764460800000,90802.44000000,92000.01000000,90336.90000000,90360.00000000,9687.74175000,884051773.16553380,2154030,5002.96698000,456606490.12032460
1764547200000,90360.01000000,90417.00000000,83822.76000000,86286.01000000,34509.01227000,2977024047.22316070,7709685,15524.33346000,1338718794.00131230
1764633600000,86286.01000000,92307.65000000,86184.39000000,91277.88000000,28210.22732000,2519515177.66236480,6397299,13512.33949000,1206199898.29415110
1764720000000,91277.88000000,94150.00000000,90990.23000000,93429.95000000,25712.52585000,2386223626.86139030,6733182,12993.19312000,1206219500.45773430
1764806400000,93429.95000000,94080.00000000,90889.00000000,92078.06000000,19803.94059000,1836645629.33462010,5856049,8312.69539000,770992235.20799200
1764892800000,92078.06000000,92692.36000000,88056.00000000,89330.04000000,19792.97218000,1788436983.81065460,5520352,8722.13995000,787809723.72132390
1764979200000,89330.04000000,90289.97000000,88908.01000000,89236.79000000,8409.50016000,753420679.80632590,2482221,4041.72834000,362232786.26957140
1765065600000,89236.80000000,91760.00000000,87719.28000000,90395.31000000,13021.11185000,1167866486.84552130,3953071,6370.56683000,571547237.85676710
1765152000000,90395.32000000,92287.15000000,89612.00000000,90634.34000000,15793.63887000,1436920018.89361330,5458731,7296.74328000,663654575.45218350
1765238400000,90634.35000000,94588.99000000,89500.00000000,92678.80000000,21240.43014000,1956261065.60717330,5940223,10517.75959000,969426006.12226280
1765324800000,92678.81000000,94476.00000000,91563.15000000,92015.37000000,18998.68083000,1758773276.24780480,6025707,9197.33116000,852012295.39671150
1765411200000,92015.38000000,93555.00000000,89260.63000000,92513.38000000,19972.58758000,1814322119.06584890,6250438,9150.89797000,831529923.80888190
1765497600000,92513.38000000,92754.00000000,89480.00000000,90268.42000000,16679.19169000,1521683425.56480040,4956719,7986.68273000,728724357.38865630
1765584000000,90268.43000000,90634.55000000,89766.39000000,90240.01000000,5895.70788000,532250544.59040150,1363754,2237.98470000,202065519.49614060
1765670400000,90240.00000000,90472.40000000,87577.36000000,88172.17000000,9416.94004000,839079130.83786510,3115749,4005.70835000,356905157.32666930
1765756800000,88172.16000000,90052.64000000,85146.64000000,86432.08000000,19778.69190000,1732823429.50172870,6747167,9592.41076000,840349649.32506230
1765843200000,86432.08000000,88175.98000000,85266.00000000,87863.42000000,18456.05017000,1604673428.65278360,6099692,9065.97746000,788731082.46646000
1765929600000,87863.43000000,90365.85000000,85314.00000000,86243.22000000,19834.11729000,1733348496.67035940,6058638,9277.27838000,810618013.25664380
1766016000000,86243.23000000,89477.61000000,84450.01000000,85516.41000000,25405.41763000,2204223872.66964650,6946947,12668.53838000,1098646854.97003660
1766102400000,85516.41000000,89399.97000000,85110.24000000,88136.94000000,21256.65004000,1863236625.93286390,6482253,10880.14451000,953886285.36474160
1766188800000,88136.95000000,88573.07000000,87795.76000000,88360.90000000,5123.13194000,451919022.72775950,1174426,2456.37063000,216687645.32920050
1766275200000,88360.91000000,89081.77000000,87600.04000000,88658.86000000,7132.87258000,629720971.78666510,2030666,3450.39397000,304712061.79802450
1766361600000,88658.87000000,90588.23000000,87900.00000000,88620.79000000,14673.21970000,1310235631.74792590,4847747,7269.61435000,649186791.77154220
1766448000000,88620.79000000,88940.00000000,86601.90000000,87486.00000000,13910.32904000,1219899607.26775480,4465080,6381.76747000,559905195.88713040
1766534400000,87486.00000000,88049.89000000,86420.00000000,87669.45000000,9140.84320000,797460526.47384620,2877239,4543.27331000,396385690.40460260
1766620800000,87669.44000000,88592.74000000,86934.72000000,87225.27000000,7096.58235000,622970453.64976470,1992172,3390.95708000,297591128.72330410
1766707200000,87225.27000000,89567.75000000,86655.08000000,87369.56000000,18344.61505000,1616722115.63664600,4509482,8846.80613000,780464877.72490640
1766793600000,87369.56000000,87984.00000000,87253.05000000,87877.01000000,4469.55156000,391274205.27443600,957536,2065.72405000,180860481.23924240
1766880000000,87877.00000000,88088.75000000,87435.00000000,87952.71000000,4446.29285000,390327299.15027630,1241426,2230.75216000,195842128.18741430
1766966400000,87952.71000000,90406.08000000,86806.50000000,87237.13000000,19894.98575000,1762011993.03779530,4793589,10079.10102000,892298235.37550200
1767052800000,87237.13000000,89400.00000000,86845.66000000,88485.49000000,13105.91001000,1155016404.47867530,3542176,6561.56089000,578303387.40254340
1767139200000,88485.50000000,89200.00000000,87250.00000000,87648.22000000,11558.62047000,1019746835.27952680,2897396,5432.03408000,479104976.96454890
1767225600000,87648.21000000,88919.45000000,87550.43000000,88839.04000000,6279.57133000,552991635.29110020,1449281,3123.64536000,275090077.28838170
1767312000000,88839.05000000,90961.81000000,88379.88000000,89995.13000000,17396.97301000,1558958860.88708750,5010211,8929.35447000,800380273.96401860
1767398400000,89995.14000000,90741.16000000,89314.01000000,90628.01000000,7057.46716000,635514773.60936550,1684214,3791.72083000,341479553.30158280
1767484800000,90628.01000000,91810.00000000,90628.00000000,91529.73000000,10426.52970000,952160980.52120840,2207037,5320.99389000,485918671.59201990
1767571200000,91529.74000000,94789.08000000,91514.81000000,93859.71000000,20673.59584000,1927455243.54807600,5485489,10892.96950000,1015858751.93170280
1767657600000,93859.71000000,94444.44000000,91262.94000000,93747.97000000,18546.41829000,1728045542.29837500,5018686,8108.82157000,755998193.39696320
1767744000000,93747.97000000,93747.97000000,90675.52000000,91364.16000000,14276.49025000,1311906952.97497360,4340252,6714.86954000,616889466.14819760
1767830400000,91364.16000000,91687.99000000,89311.00000000,91099.99000000,16132.79117000,1460622501.20738820,4923472,8192.07574000,741768676.97519140
1767916800000,91100.00000000,92082.55000000,89694.66000000,90641.28000000,15590.27939000,1416907180.18704820,4155703,8512.43270000,773999739.23753360
1768003200000,90641.27000000,90832.00000000,90404.00000000,90504.70000000,3104.11722000,281321375.48029810,766357,1551.97383000,140664759.40958690
1768089600000,90504.70000000,91283.89000000,90236.00000000,91013.65000000,5477.13594000,497245863.93194990,1282029,2868.36168000,260447706.80887160
1768176000000,91013.66000000,92519.95000000,90128.44000000,91296.20000000,16188.08268000,1479964862.26930640,4099509,8092.54280000,740004800.18072220
1768262400000,91296.20000000,96495.00000000,91042.66000000,95414.00000000,23021.51482000,2149770801.11770380,5025071,12405.23056000,1159067162.24898290
1768348800000,95413.99000000,97924.49000000,94559.28000000,96951.78000000,22851.89428000,2201535821.64861470,5346212,11974.98829000,1154415462.59730280
1768435200000,96951.78000000,97193.34000000,95134.48000000,95604.80000000,21725.81369000,2093008182.84373360,4493095,10841.32767000,1045103063.11148480
1768521600000,95604.81000000,95871.47000000,94293.46000000,95550.94000000,11167.71460000,1064019408.07725140,2971559,5055.06952000,481723178.08146790
1768608000000,95550.94000000,95639.45000000,95021.67000000,95147.77000000,4280.80137000,408161941.67190790,1020527,2059.85283000,196399075.97097010
1768694400000,95147.77000000,95531.12000000,93615.40000000,93673.14000000,6895.17819000,654773743.26771180,1488785,3107.35604000,295217762.82127930
1768780800000,93673.14000000,93673.14000000,91910.20000000,92631.00000000,14295.52747000,1326770336.04904700,3359066,6906.84245000,640981004.89581220
1768867200000,92630.99000000,92870.00000000,87895.98000000,88427.66000000,22007.32610000,1989676668.59417830,6064031,9629.19624000,870936424.13909420
1768953600000,88427.66000000,90574.00000000,87263.53000000,89454.73000000,20617.50372000,1837708115.35970330,6419053,10265.21302000,915531751.08220060
1769040000000,89454.73000000,90359.99000000,88515.37000000,89559.67000000,10825.50492000,969910623.35598860,3743412,5529.54766000,495598490.52278970
1769126400000,89559.68000000,91224.99000000,88578.36000000,89600.26000000,13918.48919000,1248772265.67884300,4619907,6911.17668000,620204414.13235400
1769212800000,89600.26000000,89957.39000000,89162.08000000,89225.34000000,4226.56737000,378464146.09188120,959854,1835.96939000,164401193.43969370
1769299200000,89225.34000000,89319.13000000,86074.72000000,86670.36000000,14426.22019000,1264233689.84158100,3720178,6269.27657000,549304584.56739540
1769385600000,86670.36000000,88860.00000000,86509.63000000,88347.08000000,17766.51453000,1560135758.98921480,4798083,9428.94206000,827914390.69498980
1769472000000,88347.08000000,89523.16000000,87304.33000000,89250.00000000,13125.40425000,1160026853.58950320,3787336,6722.86937000,594388596.05727970
1769558400000,89249.99000000,90600.00000000,88833.65000000,89299.99000000,14332.18502000,1283919840.85147180,4385791,7015.44336000,628761031.31513640
1769644800000,89300.00000000,89348.00000000,83383.33000000,84650.16000000,30431.38201000,2610381587.91000350,5598749,12385.58906000,1062920384.07601880
1769731200000,84650.16000000,84735.75000000,81118.00000000,84260.49000000,35195.84793000,2918624066.48183200,8998829,16749.59784000,1389486785.10668100
1769817600000,84260.50000000,84270.02000000,75719.90000000,78741.09000000,39491.89133000,3155264093.62304410,7384976,17959.61358000,1435120245.98269650
1769904000000,78741.10000000,79424.00000000,75700.00000000,76968.21000000,25395.48168000,1974920557.04738660,8001906,12031.74392000,936095742.74021720
1769990400000,76968.22000000,79360.00000000,74604.00000000,78738.61000000,42273.59016000,3260752444.46132960,10085578,21480.45115000,1658977441.22344040
1770076800000,78738.60000000,79186.81000000,72945.50000000,75770.21000000,39120.10889000,2986903008.57479190,9199445,17304.88253000,1324119396.43603960
1770163200000,75770.21000000,76971.52000000,71888.00000000,73165.83000000,38375.36000000,2852834631.53914640,10724002,17274.35569000,1284664768.82907250
1770249600000,73165.84000000,73341.18000000,62345.00000000,62909.86000000,106298.82899000,7198745594.28069360,15364010,49042.65006000,3325749503.03323960
1770336000000,62909.87000000,71751.33000000,60000.00000000,70580.26000000,92539.21531000,6134056670.61150540,13228528,49477.51198000,3288426149.28068820
1770422400000,70580.26000000,71690.07000000,67300.00000000,69289.38000000,44255.48036000,3058983879.06915240,7167427,18766.22233000,1298989823.42944090
1770508800000,69289.37000000,72271.41000000,68888.00000000,70330.38000000,21420.53168000,1510003758.65284210,4870449,11435.75238000,805898867.28181970
1770595200000,70330.38000000,71453.53000000,68308.00000000,70138.00000000,29152.72842000,2038959539.42097760,6644769,13854.63486000,969001616.68297280
1770681600000,70138.00000000,70527.59000000,67800.00000000,68841.29000000,20373.77072000,1408623623.35992530,4558658,9237.21056000,638739950.25352550
1770768000000,68841.28000000,69292.88000000,65756.00000000,67082.52000000,28718.24602000,1930513947.54411460,6956577,14335.50997000,963903748.26948730
1770854400000,67082.52000000,68410.52000000,65118.00000000,66272.17000000,24271.74283000,1622162145.33420660,6778280,12101.72511000,809418852.07336170
1770940800000,66272.17000000,69482.97000000,65872.46000000,68853.96000000,20244.54955000,1371286022.33005480,6450842,10425.24887000,706766540.61685410
1771027200000,68853.97000000,70560.01000000,68730.13000000,69822.95000000,18114.78393000,1260259314.36002640,3803163,7857.93423000,546756073.26494120
1771113600000,69822.94000000,70983.00000000,68000.00000000,68832.58000000,22290.05208000,1545094572.13681450,4598633,8861.59262000,615733099.12089960
1771200000000,68832.59000000,70126.67000000,67294.11000000,68892.43000000,15515.76534000,1062797918.25359710,5233849,8153.43140000,558909191.76749180
1771286400000,68892.43000000,69241.50000000,66621.06000000,67503.52000000,16489.06921000,1117987651.29481200,5994853,7538.45107000,511426190.89324030
1771372800000,67503.52000000,68476.22000000,65870.00000000,66461.00000000,15492.43839000,1040493524.65212360,4548997,7895.05707000,530458178.13856490
1771459200000,66461.00000000,67320.00000000,65631.83000000,67003.73000000,14542.26988000,968863572.78215260,4679351,7106.70741000,473456223.07210710
1771545600000,67003.73000000,68318.39000000,66280.20000000,68020.01000000,35351.87091000,2378079150.56784730,5044912,15001.46034000,1010970043.14524130
1771632000000,68020.00000000,68698.70000000,67534.69000000,67975.93000000,8032.84131000,547592078.84719890,1593539,4003.46206000,272919692.67728000
1771718400000,67975.93000000,68245.00000000,67190.00000000,67643.40000000,8175.13484000,553613335.57741360,2160900,3974.29287000,269081093.61093830
1771804800000,67643.39000000,67684.86000000,63888.79000000,64656.02000000,33075.90923000,2158158656.12151660,8268695,16388.63858000,1069328860.05896250
1771891200000,64656.01000000,65026.75000000,62510.28000000,64058.15000000,23102.83622000,1469512159.71993510,7553629,11150.61026000,709235431.91769840
1771977600000,64058.15000000,69988.83000000,63913.27000000,67988.04000000,30749.99259000,2064089702.84443500,7096715,16382.91985000,1098904977.00827200
1772064000000,67988.04000000,68860.00000000,66500.00000000,67485.18000000,20737.77792000,1404774665.56456080,5426137,10172.50047000,689304052.45306700
1772150400000,67485.19000000,68216.80000000,64914.46000000,65872.10000000,21228.58424000,1412033823.56197280,3856064,10107.20917000,671986242.52466200
1772236800000,65872.09000000,67760.00000000,63030.00000000,66973.26000000,22548.71649000,1462864408.26156650,5268514,11531.10802000,748190390.43238220
1772323200000,66973.26000000,68199.99000000,65056.00000000,65776.47000000,23201.85859000,1545783742.90620010,5312013,11209.77201000,747161922.84846160
1772409600000,65776.48000000,70096.00000000,65259.21000000,68830.06000000,32010.38431000,2164578841.84591730,8397526,15335.91369000,1037871544.54815050
1772496000000,68830.06000000,69258.08000000,66158.00000000,68338.00000000,24972.24180000,1691848669.94301820,7648119,12331.62200000,835461016.09469440
1772582400000,68338.01000000,74050.00000000,67400.00000000,72666.77000000,44919.07610000,3202864447.63246060,8618302,23641.35243000,1685099057.93017800
1772668800000,72666.77000000,73558.15000000,70645.47000000,70890.72000000,26590.51253000,1917514690.38783410,6709160,12299.51467000,886773462.47277710
1772755200000,70891.02000000,71419.98000000,67744.78000000,68114.02000000,22629.88722000,1574601198.87488800,5302899,10464.09351000,728091757.78221270
1772841600000,68114.02000000,68551.04000000,66915.26000000,67262.91000000,12719.54315000,861729861.85304880,2067476,5910.76849000,400477518.35669130
1772928000000,67262.91000000,68200.00000000,65618.49000000,65971.20000000,21593.63901000,1447522160.31545460,3028392,11268.64926000,755732359.16967190
1773014400000,65971.20000000,69516.65000000,65821.97000000,68432.16000000,28896.72130000,1967622051.44968020,5093667,14101.45378000,960195772.91590640
1773100800000,68432.16000000,71777.00000000,68391.41000000,69948.63000000,32602.57726000,2292525621.44052050,5176064,16453.82839000,1157238967.10044540
1773187200000,69948.64000000,71321.00000000,68977.91000000,70191.86000000,27249.27542000,1911300596.23416780,4759855,14015.31615000,982971805.59972250
1773273600000,70191.86000000,70800.00000000,69205.91000000,70541.34000000,21997.16050000,1540745224.51010620,4344059,10545.03396000,738758111.89891770
1773360000000,70541.34000000,73913.74000000,70386.01000000,70930.00000000,35996.61678000,2591768526.29614710,5312490,18310.34260000,1319530652.95863130
1773446400000,70930.01000000,71307.92000000,70317.00000000,71211.95000000,13017.24737000,921308630.94627690,1661739,6242.10104000,441895405.35856250
1773532800000,71211.95000000,73199.00000000,70858.82000000,72815.24000000,14037.30704000,1007334955.24365140,2509013,7307.01776000,524440519.76277650
1773619200000,72815.25000000,74909.08000000,72270.41000000,74884.67000000,28409.53019000,2095859511.56486360,5396482,15204.22255000,1122045159.19947890
1773705600000,74884.67000000,76000.00000000,73399.19000000,73909.36000000,24521.26636000,1825976731.33267320,4863187,11791.25230000,878396858.78088600
1773792000000,73909.37000000,74672.34000000,70500.00000000,71246.54000000,23392.88093000,1692949838.97774240,4733897,11709.17057000,847905482.69725620
1773878400000,71246.55000000,71613.79000000,68793.35000000,69930.00000000,22364.81819000,1566573949.86041240,4972526,10489.13676000,734634623.28738830
1773964800000,69930.01000000,71367.00000000,69388.00000000,70510.73000000,18121.16745000,1273812840.68867040,4369971,8801.41211000,618781938.22681490
1774051200000,70510.73000000,71100.94000000,68571.42000000,68918.12000000,13397.16750000,942693882.02642400,1640086,6379.69313000,449156360.93415470
1774137600000,68918.12000000,69588.79000000,67360.66000000,67859.00000000,14843.78682000,1018926475.31969740,3269152,7292.32333000,500700088.25183490
1774224000000,67859.00000000,71817.09000000,67445.18000000,70906.45000000,28335.09119000,1980755169.23169410,6509730,14640.97230000,1022970775.45578170
1774310400000,70906.45000000,71400.00000000,68923.07000000,70556.74000000,20702.42244000,1455361229.20996450,4191328,9731.85043000,684254039.29491270
1774396800000,70556.74000000,72026.09000000,70408.00000000,71336.53000000,17719.50066000,1261017988.53943220,3298902,8819.77787000,627874982.89216630
1774483200000,71336.53000000,71436.82000000,68153.00000000,68820.31000000,20820.45768000,1447699734.33983910,3597702,10116.39467000,703650001.59011960
1774569600000,68820.31000000,69179.05000000,65548.25000000,66407.28000000,28603.69557000,1917318222.70991300,4159306,14568.62853000,976680026.26568100
1774656000000,66407.28000000,67288.94000000,65932.09000000,66377.03000000,11462.39847000,762676255.44706050,1687368,5753.04124000,382921412.22384880
1774742400000,66377.04000000,67130.50000000,65000.00000000,66010.93000000,10052.85584000,667003517.60598700,2146177,4769.42832000,316674097.35018690
1774828800000,66010.93000000,68169.65000000,65800.59000000,66797.37000000,18353.38975000,1234617690.89207520,3902849,9155.91893000,615747978.85138090
1774915200000,66797.38000000,68589.49000000,65998.05000000,68284.48000000,22105.40662000,1490168487.45487460,4846820,10726.18262000,723378692.76676190
1775001600000,68284.49000000,69310.00000000,67578.75000000,68113.92000000,19020.18990000,1301708227.07452430,3741910,9702.49844000,664126033.92691320
1775088000000,68113.92000000,68653.38000000,65712.12000000,66901.99000000,20203.47916000,1349223461.52705720,4189133,10090.65620000,673815463.87575050
1775174400000,66901.99000000,67370.42000000,66282.00000000,66964.30000000,11429.13131000,763535606.97778810,2023104,5535.26988000,369859409.32271770
1775260800000,66964.29000000,67562.93000000,66775.91000000,67300.42000000,7373.51613000,494932017.42324420,1356179,3701.32932000,248489879.99590240
1775347200000,67300.42000000,69136.20000000,66611.66000000,69034.18000000,11733.46752000,791661977.32345030,2106257,5791.55692000,391091472.13861220
1775433600000,69034.18000000,70351.46000000,68300.00000000,68853.66000000,20281.61044000,1408020173.09616270,4695523,10149.79257000,704797801.63839920
1775520000000,68853.66000000,72761.00000000,67732.01000000,71924.22000000,23750.49661000,1649637855.84269690,4871706,12465.18271000,866730089.23104340
1775606400000,71924.22000000,72857.00000000,70707.23000000,71069.93000000,19802.68627000,1418484188.05212380,3843988,9570.20189000,685666276.83883080
1775692800000,71069.93000000,73145.00000000,70466.00000000,71787.97000000,18158.42159000,1300323816.00933610,3773025,9604.31771000,687990251.04316700
1775779200000,71787.98000000,73434.00000000,71426.15000000,72962.70000000,17372.63288000,1259195636.05566300,3176308,8819.74841000,639705902.50139630
1775865600000,72962.71000000,73790.00000000,72513.09000000,73043.16000000,9070.94374000,662437113.70967020,1472041,4673.47605000,341269009.99304180
1775952000000,73043.16000000,73137.24000000,70505.88000000,70740.98000000,13472.46801000,962825891.81659110,2068779,6326.31289000,451853887.81102090
1776038400000,70741.56000000,74900.00000000,70566.99000000,74417.99000000,24230.21625000,1753370318.18416590,3673539,12639.79905000,914783773.85117860
1776124800000,74418.00000000,76038.00000000,73795.47000000,74131.55000000,26532.94456000,1982728989.60721990,4033448,13313.88956000,995694440.99898930
1776211200000,74131.55000000,75425.00000000,73514.00000000,74809.99000000,14425.04167000,1071448612.53702190,3187792,7014.01981000,521112265.17116580
1776297600000,74809.99000000,75534.76000000,73309.85000000,75154.29000000,17088.68777000,1274894123.74961140,3581890,8601.69794000,641950287.24821900
1776384000000,75154.28000000,78333.00000000,74529.40000000,77072.00000000,25941.36694000,1987343208.84067000,4931167,14435.47730000,1106587361.00453950
