ts,open,high,low,close,volume,quote_vol,trades,tbv,tbqv
1713312000000,136.21000000,142.77000000,126.87000000,131.84000000,9559485.27000000,1287664513.08000000,1498645,4804193.51000000,647502610.86850000
1713398400000,131.84000000,144.25000000,127.62000000,142.07000000,7805067.82000000,1057713479.81530000,1213277,3940768.89000000,534497873.86310000
1713484800000,142.08000000,147.49000000,128.50000000,142.50000000,11145361.53000000,1564359376.95300000,1717920,5553882.00000000,779761189.24500000
1713571200000,142.50000000,152.39000000,139.66000000,151.22000000,4855973.67000000,705680673.94510000,796179,2482978.78000000,361525875.71620000
1713657600000,151.21000000,153.50000000,146.68000000,148.80000000,3646801.53000000,546975842.84480000,600110,1849078.61000000,277505219.99980000
1713744000000,148.81000000,158.50000000,146.63000000,156.95000000,4967360.16000000,760453706.31630000,804446,2538192.64000000,388603965.85410000
1713830400000,156.94000000,160.00000000,153.04000000,154.75000000,4102272.11000000,641853097.13330000,683700,1995499.95000000,312299705.27660000
1713916800000,154.75000000,159.80000000,145.58000000,147.78000000,6491963.00000000,1000742354.25040000,1056785,3201516.61000000,493661732.58850000
1714003200000,147.79000000,149.60000000,142.09000000,144.84000000,5417465.27000000,792818208.05240000,783470,2725440.80000000,399157214.56900000
1714089600000,144.83000000,146.19000000,138.74000000,139.23000000,3749353.51000000,536537208.98170000,616776,1873287.46000000,268157359.44080000
1714176000000,139.23000000,143.04000000,132.88000000,141.31000000,3821061.91000000,527111064.54100000,569425,1941664.04000000,268043582.01900000
1714262400000,141.31000000,144.82000000,137.03000000,137.99000000,2951913.56000000,420263449.81820000,438504,1514437.30000000,215712798.49270000
1714348800000,137.99000000,138.93000000,133.38000000,137.77000000,4267883.49700000,578946009.02877000,616036,2127631.41500000,288669890.40778000
1714435200000,137.79000000,139.77000000,121.21000000,126.77000000,6026555.48800000,780739771.36254000,989314,2987508.79700000,386735089.12854000
1714521600000,126.76000000,135.97000000,118.47000000,134.64000000,7991325.27100000,1008351786.04678000,1235535,3938878.19200000,497179952.79072000
1714608000000,134.64000000,140.90000000,128.19000000,137.58000000,5743465.62100000,775239966.24235000,881829,2943514.87500000,397167316.91660000
1714694400000,137.58000000,145.00000000,135.88000000,143.69000000,4524855.55600000,636701248.97452000,758139,2366846.22200000,333289355.47610000
1714780800000,143.70000000,149.14000000,142.22000000,146.05000000,2808003.24000000,409395252.13994000,500318,1391174.62900000,202858273.57945000
1714867200000,146.05000000,148.00000000,143.10000000,145.73000000,2131850.26300000,310504070.39615000,396560,1071042.34900000,156017239.58385000
1714953600000,145.74000000,156.89000000,145.40000000,152.82000000,4787441.56700000,729944626.53061000,854076,2483641.38600000,378747053.97158000
1715040000000,152.81000000,159.19000000,147.76000000,148.03000000,4486379.59600000,692683918.35024000,792273,2168235.51600000,334963759.90497000
1715126400000,148.03000000,152.00000000,140.00000000,142.18000000,4533265.34100000,661888498.59383000,756740,2235967.24500000,326687343.96879000
1715212800000,142.17000000,153.39000000,140.61000000,152.57000000,3912139.90800000,571152033.41234000,692980,2021207.01800000,295348770.47660000
1715299200000,152.56000000,155.75000000,144.49000000,146.01000000,4124775.20800000,618548257.76221000,802880,2015043.15900000,302574173.47716000
1715385600000,146.02000000,147.70000000,143.12000000,145.42000000,2017032.81400000,292868240.91002000,401566,978475.25700000,142069060.09327000
1715472000000,145.42000000,147.80000000,142.50000000,143.43000000,1422547.62700000,206518187.54230000,309808,701712.34700000,101909366.36553000
1715558400000,143.42000000,150.88000000,137.78000000,147.54000000,4407929.92300000,636617019.96036000,766364,2207828.06500000,319261761.61100000
1715644800000,147.53000000,149.09000000,141.82000000,142.03000000,3389933.37100000,491650914.90056000,573013,1661272.78300000,240956768.40404000
1715731200000,142.03000000,158.88000000,141.21000000,158.52000000,4885274.20300000,734214270.26841000,749405,2621799.98400000,394299721.32109000
1715817600000,158.52000000,164.79000000,156.46000000,159.37000000,4200112.76500000,675510074.16727000,763259,2104140.95100000,338488293.36262000
1715904000000,159.36000000,174.00000000,159.32000000,169.44000000,4097186.84100000,682669638.66178000,728905,2174941.22900000,362595129.48387000
1715990400000,169.43000000,176.06000000,168.65000000,172.40000000,2874473.99700000,496940232.56438000,577304,1439363.47300000,248933881.95271000
1716076800000,172.40000000,175.50000000,165.96000000,169.93000000,2696984.07400000,460508285.32582000,502213,1366743.73400000,233400153.02211000
1716163200000,169.93000000,188.32000000,167.47000000,186.70000000,5690568.99800000,1022051849.66920000,1057452,2986607.02000000,536993614.54321000
1716249600000,186.69000000,188.89000000,174.37000000,178.15000000,4727780.06400000,854999395.09577000,877587,2268072.49200000,409997168.25251000
1716336000000,178.15000000,185.00000000,174.96000000,176.95000000,4272900.12700000,766148690.37294000,850875,2219424.67100000,398102279.96942000
1716422400000,176.96000000,181.04000000,165.35000000,176.16000000,5598921.63000000,977277434.41105000,1037830,2906972.60600000,507396382.66246000
1716508800000,176.15000000,176.15000000,162.50000000,167.70000000,4819660.64200000,810028558.31071000,856617,2592690.35600000,436172660.90261000
1716595200000,167.70000000,170.55000000,165.90000000,168.35000000,1911443.13500000,321691312.78369000,405433,913344.72000000,153729295.90633000
1716681600000,168.35000000,168.40000000,161.00000000,163.41000000,3126117.98900000,512894771.41766000,537560,1562641.60000000,256365632.27850000
1716768000000,163.42000000,172.28000000,163.26000000,170.15000000,3260017.05500000,547344142.94860000,591480,1688224.02500000,283304224.83869000
1716854400000,170.15000000,173.24000000,164.92000000,168.68000000,3779251.34300000,637522900.01295000,714064,1882025.78100000,317686800.53986000
1716940800000,168.68000000,173.93000000,167.00000000,168.32000000,2946277.29400000,500443628.71600000,607907,1436219.21300000,244129340.62543000
1717027200000,168.32000000,173.00000000,163.55000000,166.88000000,3307767.04700000,555770168.75021000,592495,1611989.88400000,271024192.23503000
1717113600000,166.88000000,170.94000000,163.67000000,165.65000000,2592736.38800000,432816352.94655000,476139,1258131.12000000,210094424.84781000
1717200000000,165.65000000,167.95000000,165.64000000,166.14000000,1070498.92800000,178824432.11781000,214954,511531.91600000,85454713.62660000
1717286400000,166.14000000,167.10000000,161.32000000,163.15000000,1669577.98600000,274722936.49486000,308808,853472.81800000,140434680.34189000
1717372800000,163.14000000,167.21000000,161.79000000,164.89000000,2378016.53200000,392561788.00562000,409680,1220237.42900000,201507197.73255000
1717459200000,164.90000000,171.87000000,164.31000000,171.78000000,2124954.01500000,356126382.83239000,384488,1139887.83600000,191094484.82293000
1717545600000,171.78000000,175.60000000,170.00000000,173.54000000,2560223.58900000,443704811.36120000,435543,1255151.76600000,217608237.78634000
1717632000000,173.55000000,174.40000000,167.51000000,170.15000000,2116238.23400000,363765530.70853000,360006,1034609.04000000,177964987.11729000
1717718400000,170.15000000,172.85000000,152.92000000,162.50000000,3538852.09100000,584574048.04206000,665965,1649973.73500000,272718584.42987000
1717804800000,162.51000000,163.78000000,157.37000000,157.83000000,1789882.65000000,287653524.77527000,338015,848013.14500000,136307543.21986000
1717891200000,157.83000000,163.04000000,156.52000000,162.12000000,1444905.00000000,231109362.89601000,268602,722609.29500000,115568027.13828000
1717977600000,162.12000000,163.18000000,157.46000000,159.05000000,1760276.95400000,281863612.18113000,349749,879124.82200000,140739984.30796000
1718064000000,159.04000000,159.75000000,145.20000000,149.31000000,3646582.77700000,554100633.37648000,736163,1724844.87800000,262110280.77715000
1718150400000,149.31000000,161.84000000,145.44000000,155.22000000,3851856.39400000,598161585.14139000,801266,1934368.62900000,300519079.06842000
1718236800000,155.21000000,155.21000000,146.03000000,147.29000000,2573289.11100000,385605225.31535000,552143,1231600.98500000,184543542.52355000
1718323200000,147.29000000,149.00000000,139.67000000,143.05000000,3183461.49300000,460357684.10748000,606662,1561425.61300000,225955519.82799000
1718409600000,143.04000000,145.78000000,142.92000000,145.52000000,1346924.92200000,194646238.58695000,304623,697042.50600000,100741361.78585000
1718496000000,145.52000000,151.35000000,143.08000000,151.30000000,1405879.42700000,206570978.08947000,299425,732084.22600000,107640393.52705000
1718582400000,151.30000000,151.79000000,139.85000000,143.27000000,3412959.81200000,494336447.73763000,637261,1676851.33900000,242735749.83915000
1718668800000,143.28000000,143.82000000,127.95000000,137.41000000,6557976.71000000,888291180.97423000,1134962,3200591.39600000,433492635.76737000
1718755200000,137.41000000,141.90000000,134.47000000,135.62000000,3536777.46800000,488039592.77287000,614546,1772962.62500000,244574480.44278000
1718841600000,135.62000000,141.29000000,131.90000000,133.55000000,3507680.50800000,475840535.65983000,659932,1751535.47400000,237617240.99995000
1718928000000,133.55000000,135.38000000,128.76000000,134.60000000,3230074.02700000,426673566.80230000,631539,1664726.75500000,219970218.34920000
1719014400000,134.61000000,136.74000000,133.00000000,133.69000000,1399215.89100000,188365519.28270000,334153,658312.92800000,88649791.60643000
1719100800000,133.70000000,135.09000000,128.22000000,128.69000000,1492401.23100000,197001384.22396000,361092,721333.09600000,95160612.41686000
1719187200000,128.68000000,132.66000000,122.00000000,132.33000000,5583497.77700000,709427098.28488000,1013696,2739795.01600000,348243335.54148000
1719273600000,132.34000000,139.90000000,131.20000000,136.58000000,3963661.70400000,541175887.65102000,777729,1958903.11600000,267394209.33806000
1719360000000,136.57000000,140.41000000,134.85000000,136.81000000,2503428.06600000,343612682.12807000,454579,1272673.32400000,174703489.18568000
1719446400000,136.81000000,151.21000000,135.20000000,149.71000000,4450967.43600000,646251166.23058000,762694,2301440.91600000,334049218.75222000
1719532800000,149.71000000,150.84000000,139.01000000,140.03000000,3339031.26700000,481073901.27222000,646751,1615427.12400000,232727750.04398000
1719619200000,140.03000000,143.26000000,139.67000000,140.28000000,1468985.54300000,208157309.84296000,286106,787515.28800000,111612957.32782000
1719705600000,140.28000000,147.62000000,137.09000000,146.61000000,2086670.18900000,296853184.38976000,461577,1062413.23600000,151185138.33404000
1719792000000,146.61000000,149.36000000,145.87000000,146.67000000,2280252.83600000,336552447.23335000,506412,1159803.68700000,171193138.21093000
1719878400000,146.68000000,155.00000000,146.14000000,154.03000000,2776061.29200000,417015417.22148000,650428,1426510.32600000,214261465.25519000
1719964800000,154.03000000,154.50000000,139.01000000,140.84000000,4189341.93300000,607418245.77144000,942154,2064604.33900000,298831050.25893000
1720051200000,140.84000000,142.75000000,127.20000000,127.86000000,5230812.15800000,702763141.49909000,1340234,2592441.16600000,348467920.92445000
1720137600000,127.85000000,136.58000000,121.00000000,134.32000000,7669471.23100000,983389317.89722000,1888690,3698006.23900000,474757729.14043000
1720224000000,134.32000000,144.35000000,132.33000000,143.05000000,2873919.13600000,398979042.90841000,809402,1392969.49600000,193709015.08626000
1720310400000,143.05000000,143.33000000,131.23000000,131.64000000,2590805.36900000,357932288.79140000,824773,1286895.53200000,177852756.23076000
1720396800000,131.64000000,142.00000000,127.77000000,139.81000000,5708358.00800000,778233609.89992000,1758085,2931965.25800000,400251614.89999000
1720483200000,139.81000000,144.33000000,136.45000000,141.42000000,3363673.60600000,474835006.13947000,933893,1693600.92200000,239142540.06069000
1720569600000,141.43000000,146.20000000,138.60000000,141.98000000,2700825.89300000,384433518.86052000,768227,1399114.63300000,199167070.10794000
1720656000000,141.99000000,146.10000000,135.64000000,135.73000000,3363094.13000000,472185792.21612000,946184,1661832.41900000,233471098.99574000
1720742400000,135.73000000,140.55000000,133.92000000,139.46000000,2929528.43100000,400570824.13592000,829615,1462385.39200000,200090907.47269000
1720828800000,139.47000000,143.60000000,137.94000000,141.90000000,1357177.62100000,190214241.69670000,448463,688086.79400000,96464182.91858000
1720915200000,141.89000000,148.56000000,141.87000000,147.66000000,2997466.75700000,435942051.37289000,768260,1481507.14000000,215481403.51509000
1721001600000,147.66000000,159.95000000,147.00000000,159.38000000,3428848.52200000,526088294.36737000,1139996,1767224.79900000,271286005.78487000
1721088000000,159.37000000,162.49000000,152.57000000,160.62000000,3988105.45400000,629159430.00225000,1421402,1950385.55100000,307883983.61939000
1721174400000,160.62000000,163.80000000,154.68000000,155.50000000,2840583.09000000,453684708.72590000,971401,1375671.25700000,219932578.33936000
1721260800000,155.50000000,161.60000000,155.07000000,159.22000000,2584704.12400000,409279722.45088000,901379,1275987.18200000,202104612.09613000
1721347200000,159.22000000,172.42000000,156.07000000,169.13000000,4685513.24000000,774783060.77819000,1483093,2333396.45200000,385958237.17017000
1721433600000,169.12000000,175.10000000,167.27000000,173.60000000,2047796.04600000,350329363.85493000,702512,1030797.93500000,176491052.03319000
1721520000000,173.60000000,185.17000000,170.27000000,184.49000000,3684536.41100000,651749302.14181000,1188870,1821412.98800000,322196929.04962000
1721606400000,184.49000000,185.00000000,176.71000000,178.90000000,3345609.52500000,602525041.98770000,1095481,1538093.13200000,277052151.13109000
1721692800000,178.90000000,180.54000000,169.72000000,173.03000000,3895827.33200000,682470078.60841000,1371959,1826854.30100000,320266448.46875000
1721779200000,173.03000000,182.50000000,170.90000000,178.06000000,3845177.71300000,682705655.25175000,1269686,1978311.03800000,351416013.81192000
1721865600000,178.07000000,179.59000000,165.42000000,171.85000000,4859387.42800000,829732654.80752000,1699682,2349892.72300000,401482626.58640000
1721952000000,171.86000000,185.01000000,171.69000000,183.06000000,3030603.24600000,541455609.23512000,1012900,1570554.99700000,280762432.24428000
1722038400000,183.07000000,188.33000000,178.11000000,183.92000000,3518852.05600000,647090166.85253000,1221390,1755496.70200000,323037526.69142000
1722124800000,183.92000000,186.77000000,181.16000000,184.90000000,1901473.95700000,350662180.92843000,748871,931213.73900000,171817362.28968000
1722211200000,184.91000000,193.98000000,181.57000000,182.57000000,4024560.31400000,759977442.45996000,1320755,1967220.54700000,371828230.26427000
1722297600000,182.57000000,184.95000000,175.39000000,179.16000000,3074498.49300000,555301399.55814000,1162904,1430908.82300000,258553838.21855000
1722384000000,179.16000000,185.10000000,171.61000000,171.71000000,3250862.52700000,582939536.24755000,1245080,1612652.29600000,289616268.19583000
1722470400000,171.70000000,172.91000000,157.91000000,167.37000000,5523497.61500000,917091024.19327000,1849971,2587951.66400000,429763487.34234000
1722556800000,167.37000000,169.43000000,150.00000000,152.77000000,5553017.93400000,880989082.65712000,2396392,2668247.08700000,423266423.16637000
1722643200000,152.78000000,154.05000000,140.00000000,142.52000000,5444954.69300000,803132863.99150000,1940755,2781021.19000000,410572234.55089000
1722729600000,142.53000000,146.08000000,131.22000000,138.33000000,7037715.28500000,979026258.03256000,2391187,3596283.93900000,500464079.96059000
1722816000000,138.32000000,139.37000000,110.00000000,129.78000000,24267557.81900000,3003271600.88404000,7092579,11769163.38100000,1457361212.77672000
1722902400000,129.79000000,149.59000000,129.40000000,144.40000000,8362643.63400000,1184669504.90055000,3567599,4250033.72100000,601986157.72905000
1722988800000,144.40000000,155.00000000,142.21000000,144.77000000,8372307.58700000,1249654524.57670000,3639741,4172450.53800000,622749862.20457000
1723075200000,144.78000000,163.70000000,141.40000000,163.13000000,7303133.96000000,1137205545.63164000,3235989,3683640.98800000,573962877.68697000
1723161600000,163.12000000,163.54000000,150.72000000,156.28000000,4098735.23300000,639908115.46544000,1938541,2043792.16100000,319106023.63816000
1723248000000,156.29000000,158.75000000,152.54000000,154.01000000,1885839.23300000,291664636.47097000,1077252,942708.49400000,145823311.91221000
1723334400000,154.01000000,158.00000000,141.20000000,141.57000000,3468314.25500000,517779240.96725000,1395573,1610587.18000000,240857557.11696000
1723420800000,141.56000000,150.79000000,141.20000000,146.29000000,4946945.23900000,721770026.12754000,1945549,2479169.02700000,361709645.50697000
1723507200000,146.29000000,149.82000000,142.92000000,146.65000000,2865655.42300000,418947930.81089000,1243626,1444602.52300000,211242044.26493000
1723593600000,146.65000000,152.18000000,142.36000000,143.71000000,3927148.64700000,575678706.56274000,1172123,1922550.91500000,281924516.04145000
1723680000000,143.70000000,147.64000000,137.78000000,142.58000000,4229038.81600000,603098548.31330000,1687515,2061374.48700000,294187642.34294000
1723766400000,142.58000000,144.88000000,136.10000000,139.04000000,4035320.60500000,567440808.99247000,1602737,1916579.92900000,269787025.47699000
1723852800000,139.04000000,141.99000000,137.61000000,141.93000000,1561594.10300000,218485355.29024000,647642,801082.31900000,112103784.00412000
1723939200000,141.92000000,147.31000000,140.56000000,142.42000000,2352046.74300000,339317046.09327000,908299,1147600.17200000,165548842.15258000
1724025600000,142.42000000,146.19000000,140.33000000,144.29000000,2940357.95300000,420454387.86405000,1271189,1438681.93000000,205787278.08241000
1724112000000,144.28000000,148.83000000,141.00000000,142.27000000,3021467.59600000,437968467.22535000,1009714,1488012.26600000,215808693.97621000
1724198400000,142.27000000,144.42000000,138.70000000,142.79000000,2519581.85900000,357577461.78616000,1129613,1184233.12000000,168105801.40856000
1724284800000,142.78000000,144.88000000,140.63000000,143.22000000,1825402.71800000,260990437.28999000,1002758,888734.23800000,127103651.61771000
1724371200000,143.23000000,154.08000000,142.68000000,153.26000000,3781090.16200000,557770796.32283000,1357176,1977973.72700000,292299196.71055000
1724457600000,153.27000000,162.30000000,151.97000000,160.67000000,3739086.94900000,588656966.40684000,1734854,1971467.95100000,310322997.83350000
1724544000000,160.67000000,162.00000000,155.25000000,158.92000000,2629083.70300000,416869258.12242000,1494935,1271737.40300000,201784492.98367000
1724630400000,158.92000000,162.00000000,155.53000000,157.12000000,3318398.04100000,526697469.93657000,1884429,1603779.67300000,254661633.49625000
1724716800000,157.12000000,159.69000000,145.03000000,146.79000000,3650375.76600000,559434487.43673000,1731229,1723418.51500000,264221063.85309000
1724803200000,146.78000000,149.30000000,140.53000000,143.95000000,4270867.03400000,619453816.72578000,2176364,2032785.14300000,294900081.05389000
1724889600000,143.96000000,147.36000000,138.05000000,140.00000000,2921816.82900000,418889238.56372000,1240221,1441749.65900000,206808957.16436000
1724976000000,140.01000000,141.11000000,132.04000000,137.99000000,4038797.16900000,552772623.16571000,1698401,1959794.05700000,268203728.87617000
1725062400000,137.99000000,139.23000000,134.49000000,135.35000000,1230210.74500000,168333087.14831000,591531,621349.30000000,85020899.85194000
1725148800000,135.35000000,136.15000000,127.66000000,128.50000000,2928444.74100000,386814972.37561000,1198069,1436426.03400000,189835665.89066000
1725235200000,128.50000000,135.39000000,126.80000000,134.94000000,3146315.55400000,411715340.55512000,1260396,1605285.88900000,210238483.88918000
1725321600000,134.95000000,138.13000000,127.15000000,127.54000000,2627381.92500000,347419442.89269000,1240227,1230668.39700000,162991522.26287000
1725408000000,127.54000000,134.98000000,122.60000000,133.64000000,3814059.10900000,493863453.34695000,1556072,1890100.39800000,244864196.75787000
1725494400000,133.64000000,135.58000000,127.85000000,129.41000000,2762037.05200000,363814655.91648000,1232457,1307987.44600000,172461704.34368000
1725580800000,129.40000000,134.29000000,120.00000000,125.05000000,5494252.37000000,698281647.27321000,2536448,2519638.50600000,320867284.52729000
1725667200000,125.05000000,129.50000000,124.13000000,127.71000000,2111596.96500000,268366867.55258000,805061,1091453.98100000,138736597.07503000
1725753600000,127.72000000,131.70000000,126.61000000,130.15000000,1971919.86600000,254464239.08089000,796387,982486.20300000,126782487.44089000
1725840000000,130.15000000,137.09000000,126.96000000,135.08000000,3664956.87800000,481085523.61761000,1522972,1858724.77700000,244054073.41437000
1725926400000,135.07000000,138.00000000,132.50000000,135.63000000,2305171.22000000,311229293.36815000,1208968,1132208.12000000,152941068.93519000
1726012800000,135.64000000,135.91000000,128.20000000,132.42000000,3139383.41800000,414398406.21866000,1674623,1554049.88700000,205191668.88021000
1726099200000,132.43000000,136.78000000,132.38000000,136.05000000,2273359.30900000,306779738.70621000,1205435,1167799.11000000,157598837.30642000
1726185600000,136.06000000,139.80000000,131.70000000,139.02000000,2714532.02500000,368359528.65679000,1086185,1342386.41500000,182300965.16705000
1726272000000,139.02000000,139.80000000,135.60000000,137.14000000,1396833.29800000,192268912.45152000,573529,689635.34600000,94934406.88072000
1726358400000,137.15000000,137.95000000,130.43000000,131.37000000,1850456.74000000,248848021.94444000,769118,858817.80600000,115525231.49275000
1726444800000,131.38000000,132.40000000,128.91000000,131.47000000,2136388.30500000,279606319.67364000,1104570,1010353.69800000,132262932.41339000
1726531200000,131.47000000,135.55000000,130.12000000,131.54000000,2339845.91100000,310574750.11516000,1168533,1147980.27000000,152406474.93575000
1726617600000,131.54000000,134.45000000,127.07000000,134.34000000,3309787.25800000,430929910.80921000,1494231,1712975.47800000,223099732.05720000
1726704000000,134.34000000,144.04000000,134.27000000,142.89000000,4130435.35000000,577699422.06203000,1537605,2124830.12300000,297081703.04948000
1726790400000,142.88000000,152.50000000,141.18000000,146.66000000,4488100.61500000,664077947.16975000,1794412,2179104.30000000,322332048.19212000
1726876800000,146.67000000,150.25000000,144.61000000,149.41000000,1916733.21600000,282626113.20776000,706885,962477.35700000,142042353.76207000
1726963200000,149.42000000,149.92000000,141.12000000,144.63000000,2165962.88800000,314113730.48354000,885013,1090232.09700000,158137538.71170000
1727049600000,144.64000000,149.07000000,142.13000000,144.79000000,3226373.77300000,467054364.81911000,1211468,1598540.36300000,231508659.53893000
1727136000000,144.79000000,154.00000000,143.09000000,152.73000000,4015502.93100000,592206584.36052000,1369350,2040122.24800000,301146420.67117000
1727222400000,152.74000000,153.93000000,147.28000000,147.98000000,2728253.34600000,411459401.65579000,1011746,1279496.18600000,193068253.86161000
1727308800000,147.97000000,158.05000000,146.57000000,155.55000000,4251220.76300000,653415043.08504000,1235687,2135764.30500000,328183895.68754000
1727395200000,155.54000000,161.43000000,153.89000000,157.64000000,3725660.99800000,588310567.93940000,1260105,1935507.02500000,305737341.71110000
1727481600000,157.63000000,159.43000000,155.00000000,156.75000000,1580834.34100000,248277861.32032000,704766,772024.71800000,121279172.40944000
1727568000000,156.75000000,161.78000000,155.09000000,158.46000000,2350658.47600000,371044350.37015000,1021753,1216206.76100000,192036083.02901000
1727654400000,158.47000000,159.77000000,151.73000000,152.49000000,3240682.20600000,505193825.22015000,1706379,1548914.76100000,241513856.92209000
1727740800000,152.51000000,157.34000000,142.29000000,145.13000000,4991241.41900000,745512858.98242000,2123355,2320601.49200000,346606479.09385000
1727827200000,145.12000000,148.96000000,138.61000000,140.18000000,3817606.11900000,550570685.31102000,2440923,1891713.61300000,272948416.93148000
1727913600000,140.18000000,142.96000000,133.11000000,136.82000000,3742347.84500000,514812941.95153000,2544894,1896545.96400000,261033915.44812000
1728000000000,136.81000000,144.55000000,135.95000000,143.24000000,3120151.95300000,439091983.66735000,1282445,1658618.52200000,233395715.99779000
1728086400000,143.24000000,144.93000000,141.06000000,142.59000000,1475217.81600000,211080413.77507000,714484,724365.73700000,103688789.39981000
1728172800000,142.59000000,146.75000000,142.00000000,146.48000000,1409071.40000000,203954747.24911000,763554,712534.23300000,103158289.34271000
1728259200000,146.47000000,152.40000000,143.50000000,143.96000000,3607754.95100000,535056906.39550000,1768564,1708409.40000000,253495941.81261000
1728345600000,143.97000000,145.60000000,141.17000000,143.49000000,2153828.15300000,309326890.82457000,1304792,1054118.66100000,151478839.87931000
1728432000000,143.50000000,145.34000000,138.66000000,139.33000000,2071518.06100000,293977143.09486000,1265373,995996.97400000,141416184.88204000
1728518400000,139.33000000,140.92000000,135.52000000,139.03000000,2289782.90700000,316766669.27985000,1253504,1120811.69900000,155118449.18574000
1728604800000,139.04000000,146.62000000,138.68000000,145.53000000,2269088.91800000,325024798.54017000,1028243,1162229.43800000,166462830.76476000
1728691200000,145.52000000,147.32000000,144.71000000,146.40000000,1347679.54800000,197164215.71221000,587595,658168.57300000,96316133.82197000
1728777600000,146.39000000,148.86000000,144.45000000,147.74000000,1599054.83300000,234391884.38395000,827089,804325.38000000,117966402.94362000
1728864000000,147.74000000,158.10000000,146.80000000,157.59000000,3987055.14500000,612698964.45627000,1744075,2100064.66200000,322742334.57426000
1728950400000,157.59000000,159.73000000,150.30000000,154.76000000,4480025.11100000,692975854.02436000,2210459,2204035.09500000,341126355.91480000
1729036800000,154.76000000,158.41000000,153.00000000,154.28000000,2851816.35000000,442239613.53750000,1710126,1391657.72900000,215888704.76498000
1729123200000,154.28000000,155.73000000,147.66000000,150.50000000,2664809.94800000,404740607.93776000,1329012,1303117.08000000,197909054.66135000
1729209600000,150.50000000,156.65000000,149.56000000,154.94000000,1829394.11800000,281306391.09424000,1063679,943353.13400000,145077143.72601000
1729296000000,154.93000000,159.85000000,153.45000000,159.79000000,1724504.16600000,269205539.47737000,678270,886922.62400000,138501608.52301000
1729382400000,159.79000000,167.94000000,157.58000000,167.40000000,3094698.82500000,499091756.88122000,1326223,1622031.67600000,261873779.14963000
1729468800000,167.40000000,171.76000000,160.99000000,166.17000000,4807758.74200000,802248688.37832000,2074468,2411048.60400000,402494472.33500000
1729555200000,166.16000000,170.99000000,162.99000000,167.59000000,4115685.50200000,688160680.55922000,1526765,2110350.66200000,352957914.86517000
1729641600000,167.60000000,174.30000000,164.13000000,170.85000000,4509792.29200000,757152123.98221000,2198916,2295806.78900000,385823153.59896000
1729728000000,170.86000000,179.30000000,170.50000000,177.19000000,3893052.12000000,680676981.90358000,1905295,2088151.85400000,365234274.52438000
1729814400000,177.19000000,177.60000000,159.12000000,164.90000000,5718307.06600000,975203392.12616000,2802265,2655827.20900000,453382227.37534000
1729900800000,164.91000000,173.25000000,162.43000000,170.88000000,3010702.79600000,505678400.81293000,1497920,1642701.61900000,276044366.21096000
1729987200000,170.87000000,178.27000000,170.26000000,176.63000000,2606131.77100000,456430957.53051000,1472999,1361175.88800000,238376056.55902000
1730073600000,176.63000000,179.80000000,172.45000000,178.29000000,3877330.22100000,682720697.43000000,2015079,1912481.68800000,336903342.37208000
1730160000000,178.28000000,183.38000000,176.41000000,179.42000000,4046109.93900000,729686178.77882000,2186480,2112665.61000000,381174432.25332000
1730246400000,179.43000000,181.36000000,173.01000000,174.87000000,2893112.75100000,510367902.92025000,1693721,1334986.16900000,235674260.08567000
1730332800000,174.87000000,176.56000000,167.56000000,168.69000000,2661529.29800000,458128321.23974000,1555163,1237625.20400000,213029931.42414000
1730419200000,168.69000000,174.00000000,163.43000000,166.10000000,3325662.44700000,557854086.52407000,2057625,1640877.84000000,275304311.27734000
1730505600000,166.11000000,168.61000000,162.11000000,166.17000000,1603273.60300000,264909940.27946000,985042,756762.30500000,125181814.03891000
1730592000000,166.16000000,166.61000000,157.82000000,162.53000000,2745309.82900000,443630725.97122000,1259979,1290394.65000000,208509927.88514000
1730678400000,162.52000000,165.04000000,155.11000000,157.95000000,3019251.32500000,486901138.20844000,1767941,1384419.97200000,223155139.74783000
1730764800000,157.95000000,169.30000000,156.86000000,166.62000000,3438156.87100000,563101491.34140000,1606290,1769456.36400000,289945539.78902000
1730851200000,166.63000000,190.01000000,166.40000000,186.59000000,10385235.99200000,1909187913.25849000,3093254,5386859.67000000,990267376.12406000
1730937600000,186.59000000,197.84000000,185.84000000,196.35000000,4210329.82000000,805298768.52591000,2196009,2119936.26600000,405573003.77894000
1731024000000,196.36000000,205.00000000,195.64000000,199.85000000,5129244.18800000,1026696176.73963000,2638632,2660771.09300000,532771925.17719000
1731110400000,199.86000000,203.45000000,194.86000000,199.89000000,2833304.99600000,565544974.68205000,1495027,1380679.20600000,275722585.34756000
1731196800000,199.89000000,215.27000000,198.68000000,210.07000000,7968628.23000000,1650287820.01631000,3972272,4075874.41200000,844256110.34780000
1731283200000,210.07000000,224.00000000,204.16000000,222.13000000,8935306.96800000,1923338631.62358000,4568795,4678282.53200000,1006642368.10271000
1731369600000,222.12000000,225.21000000,204.71000000,211.64000000,9001990.65900000,1932232237.82400000,5190083,4263096.31900000,916191349.39010000
1731456000000,211.63000000,220.44000000,200.67000000,215.13000000,10834052.79900000,2287313943.88454000,6265437,5276571.13500000,1114450472.96843000
1731542400000,215.14000000,222.80000000,206.78000000,209.57000000,7458523.70800000,1606845662.13136000,4182236,3685568.60900000,794800343.72660000
1731628800000,209.57000000,220.50000000,204.48000000,218.45000000,5271091.92400000,1117551465.38711000,3372136,2845876.32600000,603910308.00012000
1731715200000,218.44000000,221.99000000,213.35000000,215.71000000,4204469.30000000,915510373.45120000,2296856,2212511.85700000,482053182.43167000
1731801600000,215.72000000,242.33000000,212.10000000,237.47000000,8433424.20400000,1960587171.68452000,3010544,4311883.06000000,1001610078.17961000
1731888000000,237.47000000,248.44000000,234.01000000,239.79000000,7485850.36100000,1804490953.93808000,3957941,3805345.91300000,917583287.88273000
1731974400000,239.79000000,247.50000000,233.40000000,237.63000000,5595613.40200000,1350659078.09119000,3110191,2789660.37900000,673737851.39489000
1732060800000,237.64000000,242.54000000,230.37000000,235.48000000,5472203.47600000,1289751835.31258000,2032597,2696256.43300000,635454374.29801000
1732147200000,235.48000000,259.80000000,229.60000000,256.37000000,8595939.99400000,2120001679.01770000,4031098,4559686.62500000,1124569870.18576000
1732233600000,256.38000000,264.39000000,251.47000000,256.90000000,5155181.90500000,1326798359.45141000,2948004,2554624.34700000,657887721.25047000
1732320000000,256.90000000,264.00000000,252.69000000,254.89000000,4836783.22700000,1248450578.22800000,2659103,2377510.19700000,613949947.45632000
1732406400000,254.90000000,259.78000000,240.93000000,252.73000000,3665245.81200000,918826601.65279000,2627402,1760701.59100000,441700188.21714000
1732492800000,252.74000000,256.70000000,231.21000000,234.18000000,4699636.31700000,1149248739.70010000,2322351,2311173.25900000,565768409.86016000
1732579200000,234.18000000,239.66000000,221.80000000,230.69000000,5012621.45600000,1157330881.01868000,2836351,2432089.15900000,561972419.62394000
1732665600000,230.69000000,243.33000000,227.51000000,241.96000000,3807284.29700000,898274398.45495000,2039178,1999353.20600000,471526006.52351000
1732752000000,241.96000000,245.28000000,232.80000000,237.59000000,2694033.06000000,640996914.88985000,1578431,1297609.98500000,308764643.74031000
1732838400000,237.58000000,246.77000000,236.55000000,243.33000000,2890806.07900000,699720103.91490000,1929299,1446268.51700000,350171613.67366000
1732924800000,243.33000000,245.40000000,237.50000000,237.60000000,2279256.81600000,550410857.76520000,1597288,1121398.04200000,270905744.64534000
1733011200000,237.60000000,239.89000000,234.10000000,236.80000000,2435872.95400000,577329157.83331000,1318224,1192847.40700000,282771078.86776000
1733097600000,236.79000000,238.20000000,220.00000000,225.72000000,5868060.27500000,1332640777.80382000,3614201,2891680.88900000,656457715.24274000
1733184000000,225.73000000,239.60000000,215.00000000,233.92000000,6918604.72800000,1569314471.01514000,3078327,3583842.18500000,813327303.36694000
1733270400000,233.92000000,241.00000000,224.67000000,229.15000000,4966864.20500000,1160635660.55354000,2318217,2433474.37400000,568808253.89458000
1733356800000,229.15000000,244.77000000,222.95000000,235.84000000,7391549.99300000,1743320226.07373000,4216711,3702869.41400000,874293753.00681000
1733443200000,235.84000000,247.00000000,230.92000000,236.87000000,5136553.82700000,1225759651.15259000,2524507,2594661.98900000,619366602.87957000
1733529600000,236.87000000,243.61000000,234.12000000,238.14000000,2933621.43800000,701579666.62957000,1606160,1555007.37300000,372037931.86283000
1733616000000,238.14000000,241.51000000,233.22000000,237.02000000,2222837.55100000,526456056.82991000,1517123,1051549.53500000,249206171.07123000
1733702400000,237.02000000,237.28000000,203.00000000,216.63000000,7391583.70800000,1645628210.24901000,3396912,3506521.81700000,781936679.06925000
1733788800000,216.62000000,221.06000000,203.21000000,213.60000000,7018707.73000000,1494401948.21546000,3598912,3534131.19300000,752873811.48697000
1733875200000,213.60000000,230.65000000,211.51000000,227.29000000,4688484.80800000,1044765862.39521000,2618186,2446783.07000000,544704920.03867000
1733961600000,227.29000000,234.69000000,225.67000000,226.96000000,3559104.06700000,818643376.99027000,2608984,1735720.23400000,399322172.23014000
1734048000000,226.95000000,228.44000000,220.60000000,224.79000000,2889526.77100000,648285519.70338000,2190401,1434112.62600000,321880596.26241000
1734134400000,224.79000000,227.51000000,215.13000000,219.93000000,2155654.47100000,478317134.38287000,1665180,1064988.43800000,236468734.42381000
1734220800000,219.94000000,225.50000000,215.68000000,224.27000000,2130908.00900000,469130131.65022000,1736084,1153744.01300000,254038615.43485000
1734307200000,224.26000000,227.56000000,213.26000000,216.19000000,3863409.20100000,847551475.44925000,2819674,1935265.70100000,424478385.82208000
1734393600000,216.19000000,228.95000000,211.36000000,223.15000000,5177736.74800000,1148991395.56908000,3540116,2570356.31300000,570952793.92770000
1734480000000,223.16000000,226.04000000,204.80000000,206.53000000,5565926.56300000,1191309782.42507000,3308807,2602999.84700000,557611489.91570000
1734566400000,206.53000000,212.14000000,187.00000000,193.81000000,7402649.88600000,1481798971.45023000,2909503,3442409.27500000,688753662.03428000
1734652800000,193.82000000,199.81000000,175.26000000,194.48000000,9793383.66800000,1829760754.59580000,2947219,4943658.21000000,924182860.09837000
1734739200000,194.48000000,201.98000000,178.30000000,181.45000000,5243572.61700000,988401321.05068000,1709667,2452587.76000000,462986002.29171000
1734825600000,181.46000000,187.87000000,176.88000000,180.52000000,3573368.97200000,650666980.95565000,1394689,1740362.64500000,317003602.73975000
1734912000000,180.53000000,193.48000000,176.48000000,190.11000000,4217664.03000000,778371475.46434000,1557287,2208170.08600000,407840136.01235000
1734998400000,190.12000000,199.00000000,186.13000000,197.09000000,2709577.67200000,525181703.24730000,1127114,1379796.38000000,267596220.13043000
1735084800000,197.09000000,201.85000000,195.00000000,197.44000000,1958644.48700000,388541679.68554000,1035650,997909.90000000,198045835.98398000
1735171200000,197.45000000,199.71000000,186.54000000,188.46000000,2045566.10000000,392011204.61471000,1279313,990226.89600000,189788196.51668000
1735257600000,188.46000000,194.39000000,182.74000000,184.22000000,1946509.64500000,366402095.63853000,1296546,991253.94700000,186568922.84013000
1735344000000,184.22000000,196.10000000,183.82000000,195.50000000,1494847.86700000,283725173.66562000,840578,782994.95400000,148676850.02220000
1735430400000,195.50000000,197.71000000,188.57000000,189.94000000,1560190.01900000,302551036.41535000,861977,762049.05100000,147913892.68932000
1735516800000,189.94000000,196.47000000,185.89000000,191.38000000,2415985.48800000,462392599.37737000,1417191,1219312.68900000,233426206.42575000
1735603200000,191.37000000,199.27000000,188.04000000,189.31000000,2461978.26200000,476451076.66598000,1249847,1259409.03500000,243744394.61628000
1735689600000,189.31000000,195.33000000,188.00000000,194.28000000,1655160.10200000,316558431.70699000,865024,857581.80100000,163984899.35831000
1735776000000,194.28000000,210.48000000,193.43000000,208.31000000,3224923.98200000,660170412.59900000,1615355,1719021.33000000,351938125.20254000
1735862400000,208.30000000,219.83000000,205.63000000,217.99000000,3251086.55600000,694370536.02236000,1394237,1695959.55400000,362159960.77775000
1735948800000,218.00000000,218.18000000,213.54000000,216.67000000,1943711.39000000,420200326.94243000,890249,975959.84300000,211027480.21450000
1736035200000,216.67000000,219.05000000,211.46000000,213.41000000,2101040.54500000,451130694.57664000,902175,988852.24100000,212589805.04426000
1736121600000,213.41000000,223.18000000,211.56000000,218.22000000,2855362.85800000,621928433.92415000,1394456,1485386.63600000,323715215.36912000
1736208000000,218.22000000,219.11000000,201.80000000,202.17000000,3742298.28400000,786521513.88121000,1475754,1916570.43100000,403122307.37169000
1736294400000,202.17000000,203.28000000,188.34000000,197.48000000,4446830.23000000,873913213.74813000,2031142,2338633.46900000,459705475.10823000
1736380800000,197.48000000,199.06000000,182.00000000,184.95000000,3607147.19300000,684344914.22428000,1961684,1801374.55800000,341921972.34750000
1736467200000,184.96000000,193.02000000,183.51000000,187.68000000,3642892.08200000,687353802.31763000,1852360,1741766.04500000,328494158.44737000
1736553600000,187.69000000,191.91000000,184.01000000,188.09000000,2204486.05600000,411533204.16097000,937504,1064110.35000000,198772090.07940000
1736640000000,188.09000000,191.00000000,185.17000000,188.51000000,1330917.13500000,250109405.58559000,723323,677588.57900000,127323378.63006000
1736726400000,188.50000000,191.99000000,168.88000000,182.87000000,5669925.61300000,1015651889.57331000,2547519,2692190.17500000,482872920.51139000
1736812800000,182.86000000,190.11000000,181.88000000,187.57000000,2737355.06400000,510258589.71248000,1379846,1349245.16300000,251576561.38296000
1736899200000,187.57000000,206.04000000,185.84000000,205.86000000,3768610.58000000,735465044.82904000,1825631,1969502.82100000,384828555.01893000
1736985600000,205.86000000,217.14000000,198.47000000,211.14000000,5710255.65700000,1196137559.83409000,2762727,3008386.91800000,630879297.00727000
1737072000000,211.15000000,222.11000000,209.84000000,219.51000000,4384472.83800000,952526271.30062000,2186663,2205434.38700000,479042708.44960000
1737158400000,219.52000000,270.67000000,217.29000000,261.97000000,19971981.58000000,4849480490.65198000,9712182,10428786.65900000,2531314978.36080000
1737244800000,261.97000000,295.83000000,236.68000000,252.42000000,25051667.60000000,6733958631.98131000,16728916,12553970.47800000,3377673848.64727000
1737331200000,252.40000000,273.29000000,229.44000000,242.19000000,16879575.56100000,4215741222.97163000,13411844,8415720.82400000,2101081767.07253000
1737417600000,242.18000000,260.06000000,230.00000000,250.33000000,7882737.25700000,1907066376.77776000,6181509,3813585.87000000,923047549.13654000
1737504000000,250.33000000,272.03000000,248.43000000,257.36000000,6223427.61600000,1612462526.67869000,4791221,3103831.60800000,804872305.48336000
1737590400000,257.37000000,258.48000000,242.19000000,253.11000000,6802762.72300000,1698329260.27982000,5535365,3354267.43500000,837408520.57995000
1737676800000,253.12000000,270.18000000,247.18000000,253.37000000,5214294.56900000,1357937147.07766000,4402292,2659835.71400000,692912291.79527000
1737763200000,253.36000000,260.78000000,246.33000000,256.41000000,3703989.30100000,934052018.21903000,2767492,1825162.25100000,460241817.61591000
1737849600000,256.40000000,260.16000000,240.32000000,240.50000000,3028015.52400000,766488890.38499000,2339798,1478686.05500000,374515696.63668000
1737936000000,240.49000000,242.68000000,220.89000000,234.89000000,8916620.84200000,2058026956.44399000,6699907,4307853.51700000,994454484.16036000
1738022400000,234.90000000,244.00000000,225.01000000,227.06000000,3483450.08700000,819684554.06420000,3282972,1738052.91800000,409131218.54356000
1738108800000,227.06000000,238.49000000,222.63000000,228.16000000,3844193.83800000,886979893.13737000,3509070,1868142.88300000,431143583.98252000
1738195200000,228.16000000,244.70000000,226.84000000,238.31000000,3341265.97300000,799766743.70330000,2468882,1703751.13200000,407710879.87364000
1738281600000,238.30000000,241.82000000,228.24000000,231.77000000,2942165.56700000,694071690.64743000,2082835,1427469.91800000,336959724.89163000
1738368000000,231.77000000,236.46000000,212.74000000,213.03000000,2849748.65000000,640184468.98493000,1972665,1362663.12200000,306511624.29809000
1738454400000,213.03000000,218.90000000,192.31000000,203.51000000,7255500.33300000,1496343825.74038000,5307616,3346730.33900000,691549926.84685000
1738540800000,203.52000000,218.70000000,175.89000000,216.28000000,12836970.26500000,2538322103.03744000,10116876,6239167.56700000,1235396563.85083000
1738627200000,216.27000000,219.97000000,201.87000000,206.64000000,6024194.38700000,1265056545.46502000,4811821,2948755.44300000,619597261.13513000
1738713600000,206.64000000,209.39000000,195.14000000,196.12000000,3154802.03700000,639424685.67492000,2851688,1540121.00900000,312338518.38023000
1738800000000,196.12000000,203.98000000,187.39000000,189.54000000,3444767.14700000,674411227.22245000,2708547,1663274.35200000,325994874.37687000
1738886400000,189.53000000,203.42000000,188.12000000,191.99000000,3925596.77300000,767993723.82559000,3039573,1974029.33500000,386334067.55597000
1738972800000,192.00000000,200.88000000,189.81000000,199.32000000,1967596.75200000,382617624.43681000,1656928,969158.15700000,188599822.77232000
1739059200000,199.32000000,207.37000000,193.53000000,200.47000000,2879138.46000000,578324813.09662000,2101908,1427659.36800000,286756354.53302000
1739145600000,200.47000000,209.05000000,195.85000000,200.47000000,4040840.54800000,819921205.01373000,2637756,2089482.61200000,423911075.60582000
1739232000000,200.47000000,206.18000000,195.12000000,197.96000000,3930238.33500000,792182733.69756000,2289535,1920198.54900000,387186434.68651000
1739318400000,197.95000000,198.56000000,188.48000000,196.78000000,3898533.32100000,756076037.68729000,2807925,1863747.04400000,361451831.86861000
1739404800000,196.78000000,198.47000000,188.78000000,194.25000000,2427771.87600000,468975077.17204000,1950076,1139384.77400000,220182106.79513000
1739491200000,194.24000000,205.34000000,194.11000000,199.39000000,3727686.06300000,744993253.44044000,2047732,1917939.31700000,383311207.82180000
1739577600000,199.40000000,200.27000000,192.61000000,194.48000000,1633300.39900000,319980278.83566000,1231341,778171.19700000,152425048.14114000
1739664000000,194.47000000,196.24000000,186.30000000,188.27000000,2009380.86200000,383704847.67239000,1271986,910716.01900000,174002501.80625000
1739750400000,188.26000000,189.72000000,174.63000000,177.53000000,4287573.73000000,779271190.58224000,2336009,1937640.27700000,352224165.23204000
1739836800000,177.53000000,179.09000000,160.88000000,169.32000000,6319186.16600000,1061518548.68995000,3750135,3089541.50500000,518910445.96659000
1739923200000,169.32000000,174.30000000,163.75000000,168.93000000,3478319.26200000,590112452.81958000,2185100,1718948.19000000,291753364.79675000
1740009600000,168.94000000,176.65000000,167.66000000,176.00000000,2938753.33500000,508528834.82322000,1920797,1457878.22300000,252304279.27536000
1740096000000,176.00000000,180.52000000,167.15000000,168.94000000,4103682.85700000,715436161.65543000,2546452,1970675.62700000,343739427.82907000
1740182400000,168.94000000,174.68000000,168.07000000,172.07000000,1886813.45700000,324983318.38902000,1171019,918330.96700000,158146595.71041000
1740268800000,172.07000000,173.07000000,166.42000000,167.94000000,1488310.75900000,252136318.55605000,987546,698017.91200000,118266636.56328000
1740355200000,167.94000000,169.69000000,138.00000000,141.81000000,7997237.91500000,1226692646.03078000,4109967,3715424.98500000,570486474.16387000
1740441600000,141.81000000,147.09000000,131.91000000,144.33000000,11747010.14500000,1635111010.70032000,6188432,5733721.72500000,798500299.40589000
1740528000000,144.33000000,145.19000000,130.65000000,135.32000000,5368401.05900000,736842199.24000000,3159238,2594767.75400000,356529432.82198000
1740614400000,135.33000000,142.90000000,134.71000000,137.68000000,4322990.45900000,599160525.54253000,2490511,2243932.50200000,311081817.64793000
1740700800000,137.68000000,148.72000000,125.55000000,148.18000000,10039960.61300000,1368611824.73409000,4567953,4871242.24900000,665270561.11190000
1740787200000,148.18000000,151.25000000,138.57000000,143.66000000,4151855.75800000,597723583.50179000,1658774,2055795.95700000,295999647.47676000
1740873600000,143.66000000,179.85000000,140.04000000,178.71000000,13474639.84600000,2212052717.47645000,6490443,7001626.19600000,1152127677.69705000
1740960000000,178.72000000,179.47000000,139.21000000,142.16000000,11096202.04000000,1748078985.39323000,6131716,5308196.71700000,836507080.79658000
1741046400000,142.16000000,147.00000000,130.66000000,144.79000000,10389598.33400000,1438316454.58464000,5773861,5126002.53700000,709968962.93432000
1741132800000,144.80000000,149.73000000,140.18000000,146.28000000,4895520.58500000,706791297.23729000,2591656,2454315.09100000,354512506.82835000
1741219200000,146.27000000,152.90000000,142.44000000,143.31000000,4451879.66100000,656676724.65380000,2442100,2245684.87200000,331135591.95920000
1741305600000,143.30000000,150.88000000,135.04000000,139.39000000,7267412.77100000,1039508735.19796000,3717944,3454290.04500000,494418899.49329000
1741392000000,139.39000000,141.09000000,135.29000000,137.01000000,2135751.39300000,295310260.98050000,1318277,1085800.03300000,150212154.78823000
1741478400000,137.01000000,139.88000000,125.41000000,126.51000000,3909495.65200000,514516598.48730000,1984143,1799825.27300000,236950914.51538000
1741564800000,126.52000000,131.57000000,115.47000000,118.32000000,6654109.33100000,820279149.59140000,3232219,3170426.36800000,390933977.05257000
1741651200000,118.32000000,128.43000000,112.00000000,125.35000000,6435277.86300000,783022212.27215000,2896453,3219262.84200000,391732745.73227000
1741737600000,125.35000000,131.33000000,121.22000000,126.62000000,4410502.14000000,552333767.76339000,2166421,2114378.49400000,264814655.73233000
1741824000000,126.61000000,128.76000000,120.76000000,123.37000000,2824584.96100000,352338027.09973000,1491066,1362852.11400000,170093714.44517000
1741910400000,123.36000000,136.03000000,122.98000000,133.54000000,3607725.49200000,468530950.60997000,1784051,1897742.49400000,246273544.78540000
1741996800000,133.53000000,136.53000000,132.44000000,135.86000000,1918077.49000000,257628407.34355000,976083,1032004.70900000,138565058.85689000
1742083200000,135.86000000,136.71000000,125.21000000,126.13000000,2764260.89200000,360794496.26160000,1521652,1350163.64200000,176478850.14437000
1742169600000,126.13000000,130.64000000,125.55000000,128.01000000,2707611.09400000,347309564.93446000,1381175,1374037.30500000,176303651.51308000
1742256000000,128.01000000,128.19000000,121.76000000,125.33000000,3181789.69900000,395405699.24355000,1359468,1495466.57900000,185858967.83065000
1742342400000,125.33000000,136.08000000,124.20000000,135.33000000,4170497.99100000,541158128.72602000,1839474,2085630.94800000,270850289.30770000
1742428800000,135.33000000,136.12000000,126.65000000,127.60000000,2593287.98600000,340143750.52064000,1266071,1230180.43000000,161209365.00311000
1742515200000,127.60000000,130.18000000,124.81000000,128.48000000,2400422.34800000,306105567.68726000,1095161,1184307.34700000,151096378.85548000
1742601600000,128.47000000,131.84000000,127.80000000,128.51000000,1498168.19600000,194061126.95637000,706271,722864.23900000,93641938.64903000
1742688000000,128.50000000,134.06000000,128.21000000,132.84000000,1763485.98600000,232208409.45648000,799393,867832.32100000,114286495.18758000
1742774400000,132.85000000,144.96000000,132.04000000,141.01000000,4554131.64500000,638280711.52939000,2114604,2282670.71200000,319784344.00175000
1742860800000,141.01000000,147.48000000,138.17000000,143.64000000,3529958.67000000,505738904.94536000,1865843,1736313.61400000,248872783.91987000
1742947200000,143.64000000,145.49000000,135.89000000,137.34000000,3099523.28700000,437189263.88719000,1549733,1460668.28300000,206172543.67681000
1743033600000,137.35000000,140.22000000,135.63000000,138.43000000,2466162.68300000,341254155.91117000,1324639,1238086.87900000,171415343.82306000
1743120000000,138.44000000,139.05000000,127.69000000,129.49000000,3892191.36500000,515501341.03969000,1575782,1791046.21700000,237375973.56829000
1743206400000,129.50000000,130.54000000,122.68000000,124.58000000,2610065.51500000,329643079.81650000,1178810,1302977.74800000,164623466.83675000
1743292800000,124.58000000,127.08000000,123.00000000,124.82000000,1743775.29600000,218155180.69158000,990191,891728.37000000,111632433.42912000
1743379200000,124.83000000,127.81000000,122.75000000,124.54000000,3730628.85300000,468042537.66829000,1618236,1669760.10500000,209588781.11061000
1743465600000,124.53000000,130.55000000,123.74000000,126.67000000,3554277.84800000,452578878.01829000,1528527,1797326.84800000,228906752.30804000
1743552000000,126.68000000,136.21000000,117.00000000,117.42000000,6288908.68000000,796943491.95910000,2817898,3058521.39200000,388286813.09263000
1743638400000,117.42000000,120.94000000,112.24000000,117.17000000,5854867.27800000,683637733.06036000,2171892,3002929.50500000,350901755.65857000
1743724800000,117.17000000,124.00000000,113.25000000,122.79000000,5721072.32000000,677703415.89485000,2469979,2873494.71800000,340517664.17288000
1743811200000,122.80000000,122.85000000,117.15000000,120.32000000,1784381.30000000,213707959.93490000,891779,863015.93200000,103315785.27205000
1743897600000,120.33000000,121.13000000,103.81000000,105.91000000,4934346.98500000,547868774.14022000,2282758,2288416.46200000,254334706.56653000
1743984000000,105.90000000,113.00000000,95.26000000,106.99000000,12630664.99300000,1310680814.72602000,5170857,6133897.42300000,637112648.19533000
1744070400000,106.98000000,112.58000000,102.96000000,105.40000000,5839129.78200000,630835932.39869000,2475283,2843523.57800000,307237508.21026000
1744156800000,105.40000000,121.00000000,101.26000000,119.05000000,9334586.13900000,1033143449.36244000,3699577,4776599.71200000,529103131.36301000
1744243200000,119.05000000,119.30000000,108.21000000,112.81000000,5566324.62900000,632204181.15054000,2144865,2509841.93700000,285021943.23139000
1744329600000,112.80000000,122.65000000,112.16000000,121.41000000,4344066.88900000,514950895.34240000,1940948,2294983.08200000,272274870.15537000
1744416000000,121.41000000,134.11000000,119.41000000,132.24000000,4620265.85500000,588559519.13812000,2075498,2378056.66900000,303094136.36697000
1744502400000,132.24000000,133.96000000,125.32000000,128.38000000,4054370.60300000,525575877.83406000,2065828,1965718.56100000,255017562.99221000
1744588800000,128.38000000,136.13000000,127.98000000,129.42000000,4150251.45000000,546940838.03531000,2656562,2126852.71700000,280431501.28534000
1744675200000,129.41000000,134.45000000,125.82000000,126.11000000,3431482.49700000,446714548.40398000,2155278,1635093.51200000,212983643.29441000
1744761600000,126.10000000,133.91000000,123.49000000,131.33000000,5320768.99400000,680727729.62112000,2740116,2743891.30100000,351129379.27448000
1744848000000,131.33000000,136.20000000,129.50000000,134.83000000,3817459.71800000,508520833.35897000,2093402,1954459.57400000,260493943.76065000
1744934400000,134.84000000,136.02000000,132.47000000,134.04000000,2556341.87400000,343312222.83750000,1202801,1130949.02500000,151946280.64742000
1745020800000,134.05000000,140.50000000,133.58000000,139.87000000,2816038.06800000,389745180.09418000,1276245,1441601.15300000,199506140.78975000
1745107200000,139.86000000,141.96000000,135.64000000,137.86000000,3498098.61500000,482908343.29459000,1308457,1762166.33700000,243120261.88040000
1745193600000,137.86000000,143.25000000,133.82000000,136.56000000,4657400.50300000,645692434.21612000,2024307,2312454.17600000,320554352.64224000
1745280000000,136.57000000,150.23000000,134.68000000,148.79000000,5078409.53600000,727917404.64025000,2263131,2673916.67200000,383322339.89431000
1745366400000,148.78000000,154.21000000,147.13000000,151.10000000,4801378.47000000,724657996.32039000,2567533,2399693.45100000,362222824.30657000
1745452800000,151.10000000,152.90000000,144.87000000,152.55000000,3535860.48400000,527261359.19678000,1929306,1692114.45900000,252505821.06355000
1745539200000,152.55000000,157.00000000,149.87000000,150.82000000,4226767.97300000,647250679.34811000,2143364,2139493.64200000,327780381.73613000
1745625600000,150.82000000,153.17000000,147.75000000,149.21000000,1766805.88000000,264884274.04215000,1204338,823842.74500000,123606173.13266000
1745712000000,149.22000000,150.41000000,145.51000000,147.98000000,1599977.89100000,237125168.08100000,1297845,750978.48700000,111359149.67788000
1745798400000,147.97000000,153.40000000,144.63000000,147.84000000,3507950.44500000,522023426.41480000,1972070,1720129.05500000,256009669.30459000
1745884800000,147.84000000,150.39000000,145.00000000,146.31000000,2498992.49200000,369541045.06508000,1432629,1200317.11700000,177610663.87691000
1745971200000,146.30000000,148.67000000,140.32000000,147.54000000,2780816.36300000,403132464.35529000,1779447,1370175.10000000,198639258.41181000
1746057600000,147.54000000,153.99000000,147.54000000,150.85000000,3037281.45400000,458689825.21601000,1494429,1628876.03900000,245992212.54696000
1746144000000,150.85000000,151.91000000,147.30000000,148.05000000,2216263.07300000,332262056.95998000,1244594,1107186.54900000,166063791.96156000
1746230400000,148.04000000,149.05000000,145.82000000,146.71000000,1406583.56000000,207747277.73483000,808828,701765.15000000,103646715.36064000
1746316800000,146.71000000,147.81000000,143.50000000,143.95000000,1613358.55300000,235442072.04033000,970408,733190.29600000,107033092.54299000
1746403200000,143.94000000,147.73000000,142.50000000,146.72000000,2030995.80100000,295411016.24423000,1298883,1060542.87800000,154322773.16685000
1746489600000,146.72000000,147.23000000,141.41000000,146.88000000,2352310.93500000,339458035.32269000,1435973,1200205.93900000,173299536.39672000
1746576000000,146.89000000,149.54000000,144.68000000,147.32000000,2440566.28400000,358909988.86087000,1388238,1333374.17900000,196061512.54971000
1746662400000,147.32000000,164.60000000,147.08000000,164.46000000,6040622.61800000,947386329.98644000,2680223,3214350.23900000,504495295.14181000
1746748800000,164.46000000,176.15000000,161.07000000,172.78000000,6318574.64900000,1066435830.02627000,3565297,3284438.52500000,554233773.68600000
1746835200000,172.77000000,178.98000000,168.72000000,177.89000000,3339701.17900000,576546707.44572000,2296552,1719179.35000000,297143716.91351000
1746921600000,177.89000000,180.26000000,169.35000000,173.19000000,3210729.52000000,560754526.12960000,2541298,1578169.12200000,275892961.10203000
1747008000000,173.20000000,181.46000000,168.31000000,174.22000000,6245732.97700000,1096750784.26202000,3870262,3195519.92000000,561439720.93346000
1747094400000,174.22000000,184.83000000,166.18000000,183.75000000,4587043.39800000,805977156.69272000,3136625,2392971.08200000,421207689.24207000
1747180800000,183.75000000,184.88000000,173.23000000,176.64000000,3619155.25300000,650301806.43098000,2715293,1741723.78100000,313165285.02280000
1747267200000,176.63000000,178.33000000,166.70000000,169.16000000,3546037.72400000,607575969.68482000,2756715,1722279.87100000,295111576.02623000
1747353600000,169.16000000,174.21000000,166.36000000,167.40000000,2766386.67100000,473923633.57258000,2033247,1376002.43700000,235827132.66055000
1747440000000,167.40000000,169.99000000,164.01000000,165.94000000,2262121.70600000,377239175.69118000,1819659,1080208.30500000,180205263.53402000
1747526400000,165.94000000,176.77000000,164.54000000,173.30000000,3194610.93600000,544510554.62809000,2251214,1562344.27500000,266283248.52070000
1747612800000,173.30000000,173.94000000,159.44000000,166.86000000,4076352.74400000,670683465.64664000,2778183,1997596.61000000,328971109.61293000
1747699200000,166.87000000,173.11000000,164.51000000,168.59000000,3135420.42600000,526700156.84318000,2366165,1631797.99200000,274288321.92277000
1747785600000,168.59000000,175.99000000,165.51000000,173.53000000,4400610.40000000,749188809.37931000,3211242,2237048.50600000,381030599.31978000
1747872000000,173.54000000,180.87000000,172.59000000,179.68000000,3608222.86200000,640424778.41730000,2760365,1861260.28900000,330468184.45399000
1747958400000,179.68000000,187.71000000,173.23000000,174.01000000,6112910.77600000,1104030043.56186000,4081755,3014089.21000000,544749935.56129000
1748044800000,174.00000000,178.33000000,172.50000000,175.87000000,2317965.02100000,407150995.30293000,1707936,1147565.43600000,201591893.39847000
1748131200000,175.87000000,176.88000000,169.14000000,175.74000000,2530363.85900000,435707799.23410000,1870817,1157707.09900000,199510786.07906000
1748217600000,175.75000000,179.02000000,173.48000000,174.91000000,2214724.79600000,391142612.45651000,1720528,1102540.28400000,194728215.37008000
1748304000000,174.92000000,179.41000000,171.24000000,176.71000000,2568509.36800000,452738959.54561000,2144420,1268542.60300000,223598718.53469000
1748390400000,176.72000000,177.45000000,168.92000000,172.21000000,2534660.87700000,437379320.47623000,1739709,1228729.52600000,212093288.34393000
1748476800000,172.22000000,175.34000000,165.96000000,166.71000000,2641789.96800000,450903344.10682000,1933597,1211340.59400000,206906377.38662000
1748563200000,166.71000000,167.51000000,155.22000000,156.20000000,3770279.51200000,609076479.51084000,2744989,1731428.49900000,279826301.56868000
1748649600000,156.20000000,158.01000000,152.14000000,156.45000000,2352257.75200000,364885611.94149000,1971476,1168138.33000000,181263656.24007000
1748736000000,156.45000000,157.92000000,150.59000000,157.68000000,2042131.04100000,315215977.43484000,1648590,984162.63400000,151955263.96929000
1748822400000,157.68000000,158.93000000,151.67000000,156.83000000,2502052.19100000,386842477.22604000,1950497,1206939.38900000,186617342.86497000
1748908800000,156.83000000,163.64000000,154.14000000,155.19000000,2849585.14500000,455003937.65742000,2057700,1394890.74700000,222851201.96173000
1748995200000,155.19000000,157.97000000,152.94000000,153.26000000,1990646.42400000,310274443.07951000,1613483,967100.12100000,150730758.31409000
1749081600000,153.27000000,154.61000000,141.53000000,144.29000000,4258041.07500000,634979837.84160000,2600389,1973621.21800000,294532535.33784000
1749168000000,144.28000000,152.39000000,144.11000000,147.83000000,2167791.11400000,322608804.01360000,1517934,1095613.51800000,162978644.48250000
1749254400000,147.82000000,152.84000000,146.84000000,150.06000000,1408204.61500000,212333839.77254000,1041436,706661.86400000,106472323.58961000
1749340800000,150.07000000,155.30000000,147.88000000,152.45000000,1564000.36600000,236874131.83445000,1073644,807104.97700000,122245917.90541000
1749427200000,152.45000000,161.73000000,149.58000000,161.16000000,3079728.26500000,478105971.72300000,1853346,1563931.27800000,242780523.77695000
1749513600000,161.16000000,165.67000000,156.32000000,165.12000000,3589559.16300000,578045039.31202000,2626493,1837931.50300000,296018318.23227000
1749600000000,165.12000000,168.36000000,159.21000000,160.97000000,4019424.99900000,663220131.68288000,2696532,2037677.81800000,336514802.20813000
1749686400000,160.98000000,161.28000000,152.02000000,152.32000000,2883476.68500000,454850637.40677000,2232785,1329546.82300000,209785680.38143000
1749772800000,152.32000000,152.59000000,140.21000000,148.60000000,5339782.78300000,775171113.32776000,3503943,2611663.06600000,379038386.66245000
1749859200000,148.60000000,148.70000000,141.97000000,144.64000000,1679994.75100000,244007516.51517000,1221540,748132.51800000,108760421.02689000
1749945600000,144.65000000,153.54000000,144.22000000,152.97000000,2831999.61600000,422563512.67885000,1768520,1510013.63900000,225342682.05674000
1750032000000,152.97000000,158.80000000,150.30000000,150.72000000,3573196.78500000,556278400.06253000,2206641,1710413.99500000,266422866.20170000
1750118400000,150.73000000,154.33000000,145.61000000,147.57000000,3395648.85900000,508658147.22473000,2452350,1652493.63500000,247655367.38632000
1750204800000,147.58000000,149.28000000,143.65000000,146.34000000,2800908.98000000,409856193.71815000,1975830,1250275.58100000,182997426.55714000
1750291200000,146.35000000,147.90000000,142.92000000,147.04000000,2285335.72900000,332397675.29724000,1402937,1051371.23900000,152922667.45557000
1750377600000,147.04000000,148.81000000,135.69000000,140.11000000,3393327.20900000,483166807.07631000,2056826,1619395.92600000,230441200.21169000
1750464000000,140.11000000,142.60000000,130.90000000,135.43000000,2826424.14300000,390271799.64798000,1758763,1247419.11900000,172137035.94392000
1750550400000,135.43000000,137.62000000,126.00000000,131.71000000,4252120.02300000,557857427.53674000,3207787,2157850.27100000,283296217.84277000
1750636800000,131.71000000,146.92000000,130.68000000,144.51000000,4573147.66700000,627079580.57708000,2897589,2308159.70300000,317338878.01282000
1750723200000,144.51000000,146.77000000,142.31000000,145.92000000,2741809.08600000,395980461.45042000,1915616,1338053.83600000,193340752.76195000
1750809600000,145.93000000,147.95000000,142.25000000,143.57000000,2233601.90900000,324533547.19572000,1624941,1064706.76100000,154804944.74853000
1750896000000,143.57000000,148.00000000,138.62000000,139.06000000,2522507.94200000,360989062.59112000,1619748,1254831.86100000,179605387.86002000
1750982400000,139.05000000,144.85000000,137.14000000,142.09000000,2471847.15000000,349943506.06527000,1441035,1235243.06400000,174943261.25500000
1751068800000,142.09000000,152.70000000,141.13000000,150.72000000,2657836.68200000,391373737.69054000,1266232,1441145.38000000,212038705.36026000
1751155200000,150.73000000,154.77000000,149.36000000,153.32000000,2150026.17200000,325934665.45081000,1150742,1069715.88000000,162202464.06071000
1751241600000,153.32000000,159.99000000,149.45000000,154.81000000,3871390.33500000,598342659.37994000,1920915,1903822.62100000,294382790.49448000
1751328000000,154.82000000,155.64000000,144.85000000,146.88000000,2770862.17400000,413588502.76090000,1530183,1228896.95800000,183625687.46173000
1751414400000,146.87000000,154.47000000,145.85000000,152.27000000,2652574.27900000,399566857.59119000,1648001,1403036.35800000,211430085.76398000
1751500800000,152.28000000,156.35000000,149.86000000,152.36000000,2686218.20500000,411857243.43209000,1619201,1342711.36400000,205937296.00421000
1751587200000,152.35000000,153.88000000,145.22000000,147.70000000,2308086.73600000,344301514.30937000,1451892,1110928.11200000,165425608.11991000
1751673600000,147.69000000,148.70000000,145.90000000,147.55000000,1173963.86000000,173152977.64954000,710458,569246.62500000,83942562.69706000
1751760000000,147.55000000,153.89000000,146.78000000,151.86000000,2486859.71800000,374754049.20113000,1138325,1322569.68200000,199303566.15193000
1751846400000,151.86000000,153.60000000,147.70000000,148.88000000,2174727.72300000,327954661.16230000,1423398,1081618.68200000,163190659.37183000
1751932800000,148.89000000,152.88000000,147.85000000,151.67000000,2712869.32300000,408864092.13441000,1306748,1323396.46200000,199366071.39599000
1752019200000,151.68000000,157.93000000,150.53000000,157.05000000,2907219.74800000,448417630.22510000,1611497,1458063.01100000,224945155.69184000
1752105600000,157.06000000,165.43000000,155.64000000,164.34000000,3428382.34900000,547305235.76648000,1998915,1771939.54400000,282956763.88750000
1752192000000,164.33000000,168.20000000,159.54000000,162.93000000,4354179.71300000,715116916.43081000,2747985,2146111.80300000,352782999.59792000
1752278400000,162.92000000,163.90000000,157.74000000,160.69000000,2043211.94200000,328647415.71788000,1383540,957496.96500000,153971133.76989000
1752364800000,160.70000000,164.19000000,159.63000000,161.15000000,1929745.85100000,312565043.60087000,1252909,975214.60900000,157950392.90346000
1752451200000,161.15000000,168.65000000,160.61000000,162.21000000,3973706.53300000,658265226.60694000,2368393,1963545.22200000,325198129.59191000
1752537600000,162.21000000,164.26000000,157.23000000,163.98000000,3665295.75300000,589073859.89953000,2245073,1674597.46700000,269315133.90879000
1752624000000,163.98000000,176.00000000,161.51000000,173.63000000,5020288.12300000,849924900.12035000,2574205,2464594.23100000,417141037.63838000
1752710400000,173.62000000,178.19000000,168.71000000,175.87000000,4491555.72700000,781437221.96743000,3024259,2365477.21200000,411824636.75551000
1752796800000,175.88000000,184.67000000,173.24000000,177.28000000,5191853.16800000,931893082.37480000,2947978,2624942.86000000,471216628.61877000
1752883200000,177.28000000,178.61000000,174.00000000,176.96000000,2059315.00800000,363940083.07050000,1475514,1036823.31700000,183244254.04001000
1752969600000,176.97000000,183.66000000,176.33000000,181.43000000,3694854.91500000,666377253.90080000,2315101,1889162.62200000,340910548.15039000
1753056000000,181.44000000,199.28000000,178.25000000,195.72000000,6495907.17900000,1245489002.45574000,3865007,3434139.85100000,658618257.08004000
1753142400000,195.72000000,206.30000000,193.75000000,205.70000000,8635627.17300000,1728386077.16153000,5218083,4435809.13300000,888655924.90008000
1753228800000,205.70000000,205.75000000,183.97000000,189.40000000,5548137.49900000,1070982208.46140000,3511850,2437731.74100000,469975358.34688000
1753315200000,189.40000000,191.87000000,179.21000000,182.87000000,5217064.87100000,971502034.18813000,3520500,2440710.09300000,455057434.14380000
1753401600000,182.88000000,186.85000000,175.63000000,186.76000000,4481310.44000000,806409380.29809000,3217256,2252207.36000000,405374358.50148000
1753488000000,186.75000000,189.78000000,184.29000000,184.88000000,1773453.87500000,331235849.63192000,1197596,829262.08600000,155003880.59953000
1753574400000,184.89000000,190.70000000,184.53000000,188.64000000,2233060.13300000,418620553.40531000,1619218,1136211.85800000,213026725.62752000
1753660800000,188.64000000,195.26000000,182.16000000,183.11000000,4067872.12700000,768873079.63638000,2788739,1867599.88900000,353277802.97717000
1753747200000,183.10000000,186.68000000,178.30000000,181.48000000,2541912.03600000,463596650.71106000,2159517,1147045.36500000,209462830.29678000
1753833600000,181.47000000,182.56000000,170.29000000,177.77000000,3297250.18700000,585983082.58663000,2502481,1509983.03900000,268212142.68597000
1753920000000,177.77000000,182.70000000,171.44000000,172.22000000,2624841.78300000,466405400.70146000,1927344,1277197.65100000,226987071.77867000
1754006400000,172.22000000,172.26000000,159.20000000,162.71000000,4317529.31500000,722230246.87119000,3348302,2013722.77900000,336713822.85778000
1754092800000,162.71000000,165.30000000,155.83000000,158.48000000,2208175.07500000,355113008.83770000,1637688,1053805.60300000,169574592.06586000
1754179200000,158.49000000,163.14000000,156.28000000,161.97000000,2297909.31100000,370496365.83064000,1081075,1177583.14900000,189873087.61517000
1754265600000,161.98000000,169.80000000,161.26000000,169.55000000,2688954.15800000,444266444.38758000,1905885,1399725.47600000,231488989.43981000
1754352000000,169.55000000,171.73000000,161.30000000,164.09000000,2554958.00900000,425083041.90688000,2110779,1214761.19700000,202364474.10790000
1754438400000,164.09000000,169.93000000,161.13000000,168.09000000,1797491.42900000,297879603.05790000,1632609,892897.84100000,148105063.71322000
1754524800000,168.10000000,175.51000000,166.70000000,175.36000000,3014662.99500000,515712927.73765000,1828953,1594771.85400000,272891137.19891000
1754611200000,175.37000000,179.66000000,173.43000000,176.78000000,3678790.65500000,648764863.62977000,2321015,1897301.45600000,334758140.04995000
1754697600000,176.79000000,183.45000000,176.64000000,179.95000000,3325504.38700000,600713701.94360000,1827513,1624627.41400000,293552602.34256000
1754784000000,179.96000000,186.18000000,177.51000000,182.66000000,4197287.28700000,764487779.16299000,2213416,2055263.24900000,374667636.54018000
1754870400000,182.67000000,186.80000000,173.43000000,174.84000000,3960743.53100000,716297040.55758000,2540822,1858871.31500000,336337165.88191000
1754956800000,174.83000000,193.76000000,173.60000000,191.78000000,5074348.15700000,928619384.54652000,2634085,2662524.99500000,487019840.91676000
1755043200000,191.77000000,204.96000000,191.48000000,201.51000000,7148726.27900000,1420646837.29987000,3943926,3533760.44400000,702449884.61743000
1755129600000,201.51000000,209.86000000,186.68000000,192.47000000,8965607.31400000,1785079918.85764000,5852370,4255318.34000000,849176684.32491000
1755216000000,192.46000000,198.07000000,183.30000000,185.72000000,4360287.39600000,829105705.03941000,3117056,2216480.35700000,421787464.19294000
1755302400000,185.71000000,190.06000000,185.20000000,189.60000000,2099818.44800000,394159921.57508000,1394994,1083917.09400000,203589958.18122000
1755388800000,189.61000000,195.89000000,187.35000000,190.99000000,2261555.55600000,434881253.74428000,1584860,1168979.57300000,224830385.39495000
1755475200000,191.00000000,191.33000000,180.00000000,182.94000000,3374074.69700000,618792820.89800000,2339848,1582236.48400000,290003974.26017000
1755561600000,182.94000000,185.87000000,175.69000000,176.22000000,3260089.95900000,585480412.15700000,2553489,1617839.54100000,290745460.22482000
1755648000000,176.22000000,187.97000000,176.04000000,187.94000000,3464957.67400000,631568652.47851000,2509424,1726098.66000000,314790784.97878000
1755734400000,187.95000000,190.10000000,179.43000000,180.29000000,2914511.60300000,539342225.23738000,2294252,1489629.60700000,275709435.87059000
1755820800000,180.30000000,202.40000000,177.27000000,200.69000000,6594118.38900000,1256886660.78769000,4028924,3444837.70500000,656638513.18801000
1755907200000,200.69000000,208.62000000,195.26000000,204.14000000,4788640.75900000,973536839.81952000,2877535,2425377.18100000,493498522.82742000
1755993600000,204.15000000,211.99000000,201.09000000,205.98000000,7165649.23800000,1481731932.84565000,4288191,3663666.87400000,758083986.81832000
1756080000000,205.99000000,213.60000000,185.33000000,187.20000000,7953100.75300000,1582418695.44157000,5377684,3746268.35000000,746390673.41468000
1756166400000,187.19000000,198.10000000,185.58000000,195.86000000,4734419.52200000,902012356.43676000,3831434,2382192.60700000,454568019.98624000
1756252800000,195.85000000,212.08000000,193.78000000,202.95000000,7835140.15400000,1604543620.28289000,5143734,4132655.40900000,846890431.55629000
1756339200000,202.95000000,216.89000000,201.72000000,214.43000000,7247306.54600000,1535414273.75746000,3790488,3839942.53800000,813990149.84361000
1756425600000,214.43000000,218.00000000,199.85000000,205.08000000,8607486.59700000,1804668250.00784000,4655834,4284921.17500000,899333433.76943000
1756512000000,205.09000000,207.06000000,197.52000000,202.70000000,3894576.11500000,788507477.60620000,1971665,1755636.34400000,355895867.59353000
1756598400000,202.70000000,206.66000000,200.28000000,200.62000000,3303223.94800000,673804991.87307000,1543137,1690466.49100000,344969787.46698000
1756684800000,200.62000000,204.58000000,194.19000000,197.32000000,4464767.77300000,888774733.51505000,2833944,1892052.01600000,376727139.48723000
1756771200000,197.32000000,209.68000000,196.77000000,209.65000000,4894637.54900000,995253298.23912000,2854002,2697474.88600000,548854090.85319000
1756857600000,209.64000000,213.02000000,207.42000000,210.77000000,4063191.68300000,853869392.70960000,2104093,2185707.13600000,459360011.33567000
1756944000000,210.77000000,211.94000000,201.84000000,202.32000000,2726779.27700000,562140700.46499000,1685149,1294289.77800000,266871225.05078000
1757030400000,202.32000000,210.00000000,200.95000000,203.36000000,4121395.25500000,845694209.95453000,2398880,2046389.37900000,419899384.36700000
1757116800000,203.37000000,204.68000000,199.32000000,200.16000000,1481500.99700000,299268104.11997000,793661,681164.74700000,137685804.84936000
1757203200000,200.17000000,207.95000000,200.12000000,206.35000000,2217510.76300000,452766240.27400000,891331,1156913.80900000,236128365.35046000
1757289600000,206.35000000,217.11000000,205.59000000,214.11000000,5729678.93500000,1218755448.80921000,2394975,3251132.88400000,691179831.01793000
1757376000000,214.11000000,219.79000000,210.79000000,217.21000000,4979304.71300000,1074352909.95500000,2271930,2520698.79300000,544137797.82671000
1757462400000,217.22000000,226.00000000,215.09000000,224.07000000,4824185.21200000,1068145608.20625000,2291606,2546474.24300000,563809228.96357000
1757548800000,224.06000000,228.95000000,221.72000000,228.73000000,4352357.00100000,982824602.60322000,2350356,2369153.59600000,535293920.19147000
1757635200000,228.73000000,244.04000000,228.11000000,242.18000000,5891653.93100000,1401494582.28432000,2743953,3085696.76700000,733916376.80174000
1757721600000,242.18000000,244.14000000,235.73000000,242.38000000,3305661.26500000,797410753.30843000,1663122,1725527.88100000,416591546.71365000
1757808000000,242.38000000,249.60000000,239.23000000,239.76000000,4165171.12800000,1020860755.13829000,2465676,2094369.41500000,513630277.84137000
1757894400000,239.75000000,244.00000000,230.15000000,234.31000000,4733589.61900000,1116796443.80521000,2667457,2368650.80300000,558865770.03500000
1757980800000,234.32000000,240.95000000,231.26000000,236.96000000,3181627.06000000,751087110.05172000,1950517,1706720.67100000,403030347.39980000
1758067200000,236.96000000,246.62000000,232.23000000,244.84000000,4771529.49300000,1131152511.04479000,2695846,2483016.25300000,589107432.37187000
1758153600000,244.84000000,253.51000000,242.58000000,247.50000000,3916890.90800000,969547754.18097000,2112417,2160114.63800000,534966168.06047000
1758240000000,247.50000000,248.57000000,235.12000000,238.53000000,3384985.69800000,816472208.89022000,1817232,1600936.34900000,386322880.95369000
1758326400000,238.53000000,241.22000000,236.91000000,239.48000000,1550489.21500000,370629858.97415000,954135,799562.06400000,191188408.81704000
1758412800000,239.48000000,241.82000000,235.32000000,236.16000000,1392437.97600000,332349583.59001000,1012982,648385.27000000,154795187.04847000
1758499200000,236.16000000,236.96000000,214.50000000,220.38000000,5836593.70300000,1306702324.90479000,2962747,2900078.07000000,649181089.12863000
1758585600000,220.39000000,221.71000000,212.34000000,213.30000000,3448908.46800000,749395007.69619000,2084709,1671872.26100000,363770999.28327000
1758672000000,213.29000000,216.45000000,204.81000000,211.60000000,4427457.52600000,934723852.95988000,2319661,2344079.99300000,494768221.32258000
1758758400000,211.61000000,212.44000000,191.32000000,192.74000000,6761257.29100000,1356874816.64603000,3572335,3075520.35000000,618287017.91409000
1758844800000,192.73000000,205.52000000,190.80000000,205.17000000,5623202.87400000,1107437559.64762000,2949417,3032346.86300000,597863232.69546000
1758931200000,205.16000000,205.43000000,199.88000000,203.46000000,2104933.41500000,426788361.48016000,1142963,1053845.65200000,213666396.18808000
1759017600000,203.47000000,211.00000000,198.00000000,210.83000000,2194260.07400000,447175240.70321000,1301607,1169507.19600000,238733076.79628000
1759104000000,210.83000000,214.74000000,204.58000000,212.75000000,3213098.85100000,674793150.79180000,1908731,1700434.72700000,357305588.43003000
1759190400000,212.74000000,213.67000000,204.29000000,208.68000000,3264781.48500000,679647220.11924000,1922286,1629038.20400000,338974705.59483000
1759276800000,208.68000000,222.77000000,206.31000000,222.04000000,4050260.92100000,873666054.98369000,2119007,2112500.76000000,455862509.31609000
1759363200000,222.04000000,234.99000000,219.52000000,234.74000000,4590696.38800000,1041743948.15148000,2550516,2430897.77200000,552207693.25385000
1759449600000,234.74000000,237.00000000,227.13000000,232.84000000,4216611.61400000,977118748.09201000,2632758,1989446.56000000,461370463.20301000
1759536000000,232.84000000,234.05000000,224.07000000,227.86000000,1841410.60500000,420089668.09435000,1292594,848007.56700000,193529628.25844000
1759622400000,227.86000000,237.22000000,226.45000000,228.56000000,3099633.52600000,718004023.22144000,2035300,1591307.85100000,368654749.82260000
1759708800000,228.56000000,237.79000000,227.55000000,232.35000000,2981928.37500000,696237930.30736000,2186112,1415486.18100000,330542794.76190000
1759795200000,232.35000000,235.21000000,219.70000000,219.97000000,4401045.75700000,999073406.40618000,2553696,1883971.58900000,427720717.77175000
1759881600000,219.98000000,229.72000000,217.30000000,229.02000000,3103760.64500000,692169444.64124000,2154720,1521159.51100000,339467389.20357000
1759968000000,229.03000000,229.69000000,216.53000000,220.93000000,3272953.43100000,728443051.98444000,2359051,1555362.98300000,346194074.20143000
1760054400000,220.93000000,224.46000000,168.79000000,188.43000000,9622835.42900000,1933764147.70444000,5852243,4390741.93700000,881580460.66153000
1760140800000,188.43000000,191.05000000,172.58000000,177.62000000,7292387.24800000,1336674581.83677000,6001725,3467397.90700000,636071998.87581000
1760227200000,177.63000000,199.00000000,173.00000000,197.00000000,6486999.72100000,1212033480.30209000,4248027,3425894.12900000,640165160.34260000
1760313600000,196.99000000,209.28000000,190.02000000,208.69000000,6253161.51100000,1243650930.49898000,3592866,3232556.96200000,643354981.63310000
1760400000000,208.69000000,211.25000000,191.03000000,202.44000000,7349167.87500000,1468181584.29201000,4266429,3571738.91000000,713281510.99216000
1760486400000,202.45000000,208.91000000,192.04000000,193.84000000,5369155.43900000,1077459951.29180000,3462246,2559191.37100000,514572709.50025000
1760572800000,193.84000000,198.42000000,182.03000000,184.85000000,5404640.66300000,1031907451.90110000,3984585,2588038.90700000,494416382.76595000
1760659200000,184.84000000,187.55000000,174.06000000,181.96000000,6102908.87700000,1105131379.71511000,4990043,3079631.79900000,557987347.00983000
1760745600000,181.97000000,188.26000000,181.75000000,187.56000000,2105841.09500000,390464630.80473000,1671152,1082763.10000000,200835932.80495000
1760832000000,187.55000000,192.29000000,183.19000000,187.86000000,2483964.60000000,467903351.76606000,1924138,1248476.86900000,235316481.68095000
1760918400000,187.86000000,194.50000000,183.82000000,189.71000000,3178001.49900000,603125239.27637000,2433576,1619222.02700000,307159843.30883000
1761004800000,189.71000000,197.71000000,182.72000000,185.63000000,4651082.62100000,882667767.13181000,2993729,2158522.06100000,410075309.05155000
1761091200000,185.62000000,187.45000000,177.04000000,180.12000000,3977004.71500000,728436136.60218000,2949085,1937463.51800000,355264696.81051000
1761177600000,180.13000000,193.45000000,179.68000000,191.35000000,3501959.11500000,660476128.42061000,2124848,1737067.65200000,327534397.49002000
1761264000000,191.36000000,197.00000000,188.83000000,193.59000000,3356762.62600000,645504079.80877000,1753520,1673206.91500000,321991930.24826000
1761350400000,193.58000000,195.25000000,191.19000000,193.84000000,1626838.93800000,314665640.87631000,874157,759627.35000000,146905395.87584000
1761436800000,193.84000000,202.43000000,191.90000000,200.03000000,2577750.13000000,509121280.43437000,1351806,1288235.90900000,254676175.88971000
1761523200000,200.03000000,205.33000000,197.34000000,198.70000000,3515609.38700000,708336575.41230000,2185287,1655177.05100000,333516439.74457000
1761609600000,198.71000000,203.99000000,190.22000000,194.15000000,4329169.96100000,859454239.36776000,2719480,2062269.03200000,409836950.39202000
1761696000000,194.16000000,201.70000000,189.37000000,193.88000000,4620887.82900000,904296220.37263000,3083485,2104961.98100000,412094062.62182000
1761782400000,193.89000000,198.19000000,178.65000000,184.69000000,5054538.26300000,951567373.37045000,3681828,2375165.65000000,447162989.26868000
1761868800000,184.69000000,190.26000000,183.70000000,187.21000000,3193393.84000000,595975738.67529000,2136994,1676919.62300000,313116141.94499000
1761955200000,187.21000000,187.55000000,183.79000000,186.35000000,1484505.22000000,276116739.23029000,977810,737045.79300000,137067318.94969000
1762041600000,186.35000000,188.34000000,182.00000000,187.71000000,1761297.55700000,326634314.33352000,1245796,887277.83700000,164646160.44819000
1762128000000,187.71000000,189.13000000,163.15000000,166.06000000,7327613.06300000,1264049328.01724000,3910583,3337771.15200000,575999147.16900000
1762214400000,166.06000000,168.42000000,145.85000000,155.03000000,8288577.56500000,1304788600.22890000,5573905,4105832.68200000,647241823.65151000
1762300800000,155.04000000,163.97000000,147.29000000,162.37000000,4650531.68800000,731570306.64341000,3444083,2395791.52100000,377263431.01647000
1762387200000,162.37000000,162.91000000,153.45000000,155.28000000,3576753.32700000,566130762.86118000,2732485,1700925.87100000,269316674.68073000
1762473600000,155.27000000,164.48000000,149.82000000,161.79000000,4213077.97200000,661451643.57886000,3662708,2180968.09200000,342240397.26796000
1762560000000,161.80000000,164.89000000,155.80000000,158.02000000,2502927.24000000,399996303.16123000,1841390,1156642.54600000,184916260.77013000
1762646400000,158.01000000,166.57000000,155.11000000,164.53000000,3231789.57500000,520708062.09549000,1970862,1726815.37900000,278546109.88247000
1762732800000,164.53000000,170.48000000,163.42000000,167.31000000,3628961.12600000,607111109.27836000,2502580,1661117.36500000,278070013.25858000
1762819200000,167.31000000,171.94000000,153.93000000,154.63000000,4702104.21300000,766449925.55292000,2677284,2103700.28900000,343312638.75657000
1762905600000,154.63000000,161.14000000,151.20000000,153.42000000,4139205.46700000,645568636.51880000,2512619,1891356.67700000,294919770.80986000
1762992000000,153.43000000,157.20000000,141.04000000,144.73000000,5418189.69700000,812546000.91323000,3262498,2669826.26800000,400356743.08084000
1763078400000,144.74000000,145.68000000,135.76000000,138.92000000,6176425.14700000,871175641.33120000,4481602,2954405.84500000,416674101.98472000
1763164800000,138.93000000,144.69000000,138.61000000,139.61000000,2351478.02200000,332993047.78325000,1548121,1215575.88600000,172119986.66110000
1763251200000,139.60000000,143.38000000,134.42000000,137.17000000,3385434.28400000,468359686.65837000,2470289,1619328.95100000,224201649.45952000
1763337600000,137.17000000,143.28000000,128.82000000,130.99000000,5624720.77500000,766512711.10863000,3486901,2856236.36200000,389196967.05988000
1763424000000,131.00000000,142.17000000,129.00000000,140.69000000,5528848.81000000,757005300.54720000,3294195,2878693.81900000,394426803.93910000
1763510400000,140.68000000,142.84000000,130.53000000,137.06000000,4268467.04400000,583711754.90350000,2768770,2025649.55300000,277083447.06079000
1763596800000,137.06000000,144.80000000,131.11000000,133.67000000,7048254.22400000,972668410.79627000,3544605,3512012.72400000,484199926.05163000
1763683200000,133.67000000,135.06000000,121.66000000,128.68000000,8285885.69300000,1059214775.74427000,5098676,3956809.20000000,505744622.07270000
1763769600000,128.69000000,129.94000000,125.08000000,127.59000000,2612487.85900000,332301149.10065000,1893811,1347120.48100000,171366016.03107000
1763856000000,127.60000000,133.54000000,127.56000000,130.58000000,2818715.19000000,368727256.45107000,1686146,1506627.68900000,197175782.38814000
1763942400000,130.58000000,139.87000000,128.44000000,138.44000000,4744857.04600000,632869856.70086000,2659938,2276135.29500000,303450523.89220000
1764028800000,138.43000000,140.50000000,133.13000000,138.96000000,2994819.85300000,409226323.33044000,2110444,1420037.01700000,194241801.42398000
1764115200000,138.96000000,144.75000000,135.50000000,143.02000000,4021862.67000000,562094537.22552000,2100192,1886595.62400000,263450272.31572000
1764201600000,143.01000000,144.29000000,140.47000000,140.85000000,2331673.18900000,331918081.73149000,1218711,1158259.66200000,164844366.92401000
1764288000000,140.85000000,143.60000000,136.01000000,137.33000000,3502510.03100000,490598696.88363000,1614078,1714576.89600000,240463680.13399000
1764374400000,137.33000000,138.10000000,134.76000000,135.91000000,1859321.17100000,254173125.62851000,749092,815022.40800000,111395094.81332000
1764460800000,135.92000000,140.19000000,133.26000000,133.48000000,2608165.32900000,357882224.67243000,991552,1170667.57100000,160729812.70821000
1764547200000,133.48000000,133.74000000,123.11000000,126.66000000,5007504.05700000,635198829.37354000,2539012,2414287.70800000,306111931.02272000
1764633600000,126.66000000,140.88000000,126.01000000,138.68000000,5022856.74700000,675106831.85339000,2502692,2542106.45900000,340662911.60813000
1764720000000,138.67000000,146.08000000,137.76000000,144.67000000,3954144.80500000,560511341.40006000,2140894,2059434.53300000,292176548.97666000
1764806400000,144.67000000,146.91000000,137.80000000,139.01000000,2694242.24100000,383629221.93813000,1819447,1288391.31700000,183480458.32498000
1764892800000,139.01000000,140.75000000,130.73000000,133.29000000,3367359.14300000,457172027.12608000,1904907,1710078.63500000,232061653.70566000
1764979200000,133.29000000,134.13000000,131.28000000,132.19000000,1341595.43100000,178276609.96260000,893052,668326.89500000,88826441.27074000
1765065600000,132.20000000,136.35000000,127.70000000,132.24000000,3131804.49100000,413797116.36681000,1814091,1510555.51700000,199613207.11372000
1765152000000,132.25000000,139.36000000,131.52000000,133.25000000,3245115.42600000,440265638.92837000,2042892,1666582.47700000,225925685.64272000
1765238400000,133.24000000,144.93000000,131.62000000,137.88000000,4508522.03400000,623533690.78880000,2422599,2211760.74300000,305879703.53315000
1765324800000,137.87000000,142.57000000,135.39000000,136.26000000,4520230.27600000,624546006.02724000,2617344,2287647.22600000,316218788.98510000
1765411200000,136.26000000,137.79000000,129.00000000,136.41000000,4377697.03600000,581262368.19525000,2353342,2061905.44600000,273749386.29795000
1765497600000,136.41000000,140.12000000,130.35000000,132.27000000,4005608.26200000,542914566.18940000,2200099,2010331.56500000,272691790.16823000
1765584000000,132.28000000,134.28000000,131.60000000,133.14000000,1472483.73500000,195790564.90788000,667045,694047.11800000,92243590.77562000
1765670400000,133.13000000,133.66000000,127.98000000,129.40000000,1731614.63700000,227172804.50155000,961625,796819.69800000,104590641.23822000
1765756800000,129.39000000,135.43000000,123.63000000,127.81000000,3922431.00000000,505572419.27462000,2137229,1985013.14100000,255671011.64546000
1765843200000,127.81000000,130.14000000,124.87000000,129.15000000,2884783.99800000,368318615.17013000,1843584,1399666.01400000,178835356.04512000
1765929600000,129.15000000,133.99000000,121.36000000,123.27000000,4525580.21600000,574312574.39112000,2357854,2252925.06200000,285684022.61838000
1766016000000,123.28000000,129.05000000,116.88000000,119.60000000,4790795.00800000,589276513.97563000,2419617,2455733.51400000,302049648.46607000
1766102400000,119.60000000,127.87000000,117.61000000,126.27000000,4090548.59200000,508624593.21844000,2082071,2067556.90000000,257066193.76342000
1766188800000,126.27000000,126.89000000,125.30000000,125.81000000,1229353.58600000,155070613.06539000,488206,570925.59400000,72008369.97456000
1766275200000,125.80000000,126.62000000,123.40000000,126.03000000,1812103.18900000,227009325.56382000,839564,888951.25100000,111369881.77771000
1766361600000,126.03000000,128.78000000,124.20000000,125.93000000,2667589.14600000,337356985.61644000,1282063,1390774.26700000,175861805.76560000
1766448000000,125.93000000,126.93000000,122.16000000,124.01000000,2440030.87200000,303158690.00044000,1214338,1172899.45200000,145753935.76107000
1766534400000,124.02000000,124.30000000,120.63000000,122.53000000,1605450.49800000,196266334.88911000,891219,824072.23700000,100754938.70787000
1766620800000,122.52000000,124.46000000,119.71000000,120.06000000,1818325.14800000,222666013.39610000,620763,889311.86000000,108873707.02848000
1766707200000,120.05000000,125.14000000,119.24000000,122.26000000,3326516.56200000,407793789.60080000,1242795,1709921.31000000,209642848.22210000
1766793600000,122.27000000,125.08000000,121.86000000,124.73000000,1357802.11200000,167427635.64651000,458614,705415.06000000,86930063.87465000
1766880000000,124.74000000,125.64000000,123.08000000,125.27000000,1828960.45100000,227049720.92228000,519293,1001153.63400000,124250283.18544000
1766966400000,125.27000000,130.16000000,122.36000000,123.28000000,4307595.10500000,543723304.50905000,1525275,2170738.71600000,273979551.00564000
1767052800000,123.28000000,126.52000000,122.58000000,125.01000000,2480631.51600000,308730777.48262000,955705,1282143.24100000,159510270.29718000
1767139200000,125.02000000,132.75000000,122.99000000,124.65000000,2941643.65800000,368493594.69384000,966712,1511491.26800000,189642368.75779000
1767225600000,124.64000000,127.25000000,124.15000000,126.90000000,1733664.97800000,217068948.15615000,515257,852972.09200000,106762286.53978000
1767312000000,126.91000000,133.25000000,125.84000000,132.29000000,2924227.37200000,378213187.58117000,1348954,1522741.33100000,197011254.76109000
1767398400000,132.28000000,133.99000000,129.60000000,133.37000000,1520623.49900000,200295921.55764000,637040,750641.79500000,98885456.69177000
1767484800000,133.37000000,135.54000000,133.12000000,134.12000000,1809269.11300000,242985169.55108000,892859,891018.31500000,119678269.92305000
1767571200000,134.12000000,139.87000000,133.18000000,137.90000000,3327567.48400000,452911084.26412000,1633145,1712601.55600000,233186865.57190000
1767657600000,137.91000000,143.48000000,136.19000000,141.08000000,3771795.11700000,526491231.98020000,1877400,1879675.86800000,262463139.66856000
1767744000000,141.08000000,141.40000000,134.41000000,136.39000000,2321642.17800000,319140449.80578000,1424664,1134923.82000000,155994779.50557000
1767830400000,136.39000000,140.07000000,132.67000000,138.37000000,3113437.83500000,425211873.06351000,1555663,1570298.60800000,214666999.43402000
1767916800000,138.37000000,141.17000000,134.98000000,135.97000000,3778547.99600000,522670162.73951000,1559427,1915953.78200000,265155364.55501000
1768003200000,135.96000000,137.05000000,135.37000000,135.84000000,1000837.00400000,136346330.79801000,419628,495750.86000000,67555492.87677000
1768089600000,135.85000000,141.60000000,135.75000000,139.70000000,2209913.20600000,306185406.75845000,857832,1211661.37100000,167843183.06150000
1768176000000,139.69000000,144.40000000,138.34000000,139.22000000,4160120.09100000,587559710.04060000,1815385,2063458.50200000,291426405.76436000
1768262400000,139.21000000,148.74000000,137.82000000,145.51000000,4195082.46800000,598713149.38546000,1781041,2143169.55000000,306018905.51120000
1768348800000,145.52000000,148.44000000,143.37000000,146.69000000,3695077.37800000,539088197.85762000,1481363,1801988.73700000,262899754.78901000
1768435200000,146.70000000,146.73000000,140.90000000,142.40000000,2462143.13900000,354149725.74563000,1301300,1160862.14200000,167000685.09015000
1768521600000,142.41000000,145.55000000,140.26000000,144.89000000,1900879.02600000,271758949.58215000,1014424,919897.25200000,131586127.51626000
1768608000000,144.90000000,144.99000000,143.32000000,143.72000000,835154.76100000,120390445.12905000,392089,412414.64200000,59436114.22214000
1768694400000,143.73000000,144.00000000,137.74000000,137.87000000,1877438.69800000,266417011.22107000,712971,837209.50700000,118865737.74182000
1768780800000,137.87000000,137.87000000,130.00000000,133.44000000,2972524.77000000,397766014.10622000,1113535,1483332.48600000,198479144.56028000
1768867200000,133.44000000,134.63000000,124.68000000,125.80000000,3532423.88000000,456200360.19412000,1665250,1594052.78800000,205966083.47806000
1768953600000,125.81000000,132.17000000,125.26000000,129.54000000,3161736.36000000,406727656.32141000,1568002,1657610.92000000,213332539.25012000
1769040000000,129.53000000,130.94000000,126.73000000,128.47000000,1811586.46200000,233570687.82335000,1016749,905017.04200000,116761376.93617000
1769126400000,128.47000000,130.20000000,125.28000000,127.43000000,2044063.07700000,261243943.98141000,1068593,1074378.35700000,137350250.13854000
1769212800000,127.43000000,128.12000000,126.64000000,127.21000000,807419.99500000,102804908.33679000,331896,367986.14600000,46858118.34194000
1769299200000,127.22000000,127.46000000,117.15000000,118.85000000,4540879.44900000,549164530.09031000,1232391,2403987.33100000,289868386.06575000
1769385600000,118.85000000,125.60000000,118.53000000,124.24000000,2355751.36300000,289767656.39401000,1187889,1159271.55500000,142564894.85725000
1769472000000,124.24000000,127.84000000,123.12000000,127.19000000,2036509.04200000,255047826.37975000,1006079,1012080.68000000,126769803.88212000
1769558400000,127.18000000,128.34000000,124.78000000,125.35000000,1997863.52800000,252933659.86287000,1065285,990296.27300000,125371156.37357000
1769644800000,125.34000000,125.51000000,115.39000000,117.82000000,3730613.47300000,444597605.45512000,1444201,1863128.83400000,221882904.25408000
1769731200000,117.82000000,119.12000000,112.14000000,117.59000000,4761006.74200000,552023487.13287000,1991218,2428166.26600000,281723546.20711000
1769817600000,117.60000000,118.85000000,96.40000000,105.58000000,8567398.32600000,920582075.30101000,3248600,4092929.32700000,439148658.16365000
1769904000000,105.58000000,106.69000000,98.02000000,100.79000000,4204256.05100000,432839562.25445000,2202213,2052275.13600000,211365615.68208000
1769990400000,100.78000000,106.12000000,95.95000000,104.55000000,5574032.68100000,566609041.93448000,2856979,2663023.90200000,270961165.60310000
1770076800000,104.54000000,105.10000000,96.64000000,97.89000000,4514018.11500000,455865168.22654000,2135637,2227613.32500000,225044546.37139000
1770163200000,97.89000000,99.67000000,89.30000000,92.12000000,6251459.37100000,589863839.90233000,2940009,3095939.21600000,291853541.48574000
1770249600000,92.11000000,93.43000000,77.60000000,78.35000000,10243355.48000000,874788983.51127000,4871571,4836738.92100000,413637350.22663000
1770336000000,78.34000000,89.84000000,67.50000000,87.46000000,11811095.76600000,944308125.32202000,3980604,5773154.78500000,462251411.25519000
1770422400000,87.45000000,89.20000000,84.16000000,87.59000000,4486649.48000000,389575196.26258000,1746041,2188177.05100000,190057629.82127000
1770508800000,87.59000000,89.08000000,85.77000000,86.99000000,2534998.68300000,222107656.10678000,1040850,1312312.59300000,115049175.17828000
1770595200000,86.99000000,88.69000000,82.86000000,86.77000000,3667652.41600000,315211863.58337000,1641253,1730490.08100000,148560836.85899000
1770681600000,86.77000000,87.49000000,81.91000000,82.99000000,2975212.10500000,251317963.78963000,1118002,1398749.37200000,118133697.38029000
1770768000000,82.99000000,84.39000000,78.04000000,79.30000000,3814913.32000000,308205411.26465000,1519961,1909861.39500000,154266257.00822000
1770854400000,79.31000000,82.25000000,76.60000000,78.40000000,3196230.11700000,254145719.77685000,1324436,1622269.94800000,128982663.06688000
1770940800000,78.39000000,85.63000000,77.53000000,84.33000000,3370390.27200000,275784441.45232000,1245544,1651859.71300000,135221552.41331000
1771027200000,84.34000000,88.90000000,84.21000000,88.06000000,2698607.21500000,234370543.10908000,771870,1378612.07900000,119689039.54642000
1771113600000,88.06000000,91.26000000,84.89000000,86.16000000,3929085.40000000,346250701.78011000,1210120,1880755.57400000,165906867.63736000
1771200000000,86.15000000,86.93000000,82.55000000,86.45000000,3559751.81100000,302546627.54411000,1097748,1807368.41300000,153613095.65530000
1771286400000,86.45000000,87.69000000,82.92000000,85.08000000,2774655.86500000,235673494.40328000,1064339,1385557.16500000,117665694.65988000
1771372800000,85.09000000,86.09000000,80.48000000,81.61000000,3137603.97000000,261289831.68580000,1026899,1549834.07100000,129067557.82814000
1771459200000,81.61000000,82.67000000,79.61000000,82.50000000,2848277.49000000,231385778.97627000,946105,1441047.46100000,117015965.07576000
1771545600000,82.50000000,85.49000000,81.77000000,84.67000000,3754556.75900000,314351728.47640000,1184887,1792745.47300000,150107101.72758000
1771632000000,84.68000000,86.72000000,83.97000000,85.17000000,1780748.86200000,152190722.00216000,501200,853621.90100000,72985051.55797000
1771718400000,85.17000000,85.60000000,82.48000000,82.79000000,1798852.59600000,151392933.93976000,478017,884360.62900000,74389753.12978000
1771804800000,82.80000000,82.85000000,77.15000000,77.90000000,5163373.38300000,407884335.70471000,1508435,2566537.65400000,202627289.80864000
1771891200000,77.91000000,79.62000000,75.63000000,78.99000000,3592828.37600000,278002990.95160000,1232135,1792005.52400000,138724741.12602000
1771977600000,78.99000000,92.10000000,78.73000000,88.06000000,5632749.41500000,481433269.20429000,2076213,2958342.23200000,252975761.95210000
1772064000000,88.05000000,89.27000000,84.34000000,85.91000000,3356890.97900000,292271358.94249000,1381041,1672944.87100000,145700308.15216000
1772150400000,85.91000000,88.29000000,80.32000000,81.85000000,3370499.35900000,282372399.31505000,1290836,1608089.53700000,134784346.90712000
1772236800000,81.84000000,85.65000000,77.12000000,84.35000000,4737699.87900000,381018103.31188000,1652423,2316943.66900000,186421271.38615000
1772323200000,84.35000000,88.90000000,81.69000000,83.60000000,4435194.22200000,379704573.89707000,1639105,2143442.21700000,183460439.54458000
1772409600000,83.61000000,90.29000000,82.37000000,86.64000000,5123433.26000000,441466075.27522000,2012450,2558006.60400000,220640542.48227000
1772496000000,86.65000000,87.46000000,82.50000000,86.97000000,4136742.74500000,352407982.68373000,1899723,2088429.65000000,177974246.72660000
1772582400000,86.98000000,94.05000000,84.78000000,90.85000000,6329931.38300000,569095803.57597000,2311936,3204724.31800000,288370605.10890000
1772668800000,90.86000000,92.96000000,87.91000000,88.77000000,3753710.60800000,338381026.60303000,1560359,1826589.83100000,164679092.65204000
1772755200000,88.78000000,89.31000000,83.64000000,84.70000000,3135324.64200000,270442360.96293000,1074615,1431065.02500000,123507840.76447000
1772841600000,84.69000000,85.07000000,82.28000000,83.22000000,1465281.72100000,122963798.86816000,449215,717082.46200000,60206538.08481000
1772928000000,83.22000000,84.13000000,80.26000000,81.59000000,2102965.68700000,172996198.81307000,874561,1060648.59800000,87336218.82438000
1773014400000,81.60000000,87.06000000,81.54000000,84.96000000,3594057.28900000,303762981.41433000,1435938,1842761.96000000,155732990.04278000
1773100800000,84.95000000,88.80000000,84.83000000,85.88000000,3643895.13400000,315747627.25955000,1345421,1804358.79500000,156407580.46178000
1773187200000,85.88000000,88.09000000,84.36000000,86.58000000,3182175.73900000,274584022.30669000,1160083,1642729.60400000,141774279.71997000
1773273600000,86.58000000,87.69000000,84.72000000,86.84000000,2913681.14800000,251461590.54647000,1011244,1514674.76200000,130735620.26902000
1773360000000,86.83000000,92.98000000,86.71000000,88.18000000,4940378.61700000,444382862.34735000,1573489,2461290.95700000,221406561.65744000
1773446400000,88.17000000,88.71000000,86.51000000,88.03000000,1498143.03900000,131023050.50446000,452790,752963.05800000,65819985.83125000
1773532800000,88.04000000,93.23000000,87.36000000,92.30000000,2614547.10500000,234767488.50501000,884525,1425868.52400000,128121333.86646000
1773619200000,92.31000000,97.68000000,91.18000000,96.20000000,5621650.62100000,528050134.14179000,1713091,2939860.34400000,276308189.64255000
1773705600000,96.19000000,96.95000000,93.15000000,94.62000000,2833557.58600000,268101714.95452000,1112613,1375922.32200000,130285773.10802000
1773792000000,94.61000000,95.65000000,88.55000000,90.08000000,3293861.55800000,300917405.38526000,1252844,1605377.89300000,146544025.07621000
1773878400000,90.07000000,91.41000000,87.00000000,88.89000000,2609542.92400000,232099704.87992000,969701,1320188.03700000,117437250.68552000
1773964800000,88.90000000,90.45000000,88.13000000,89.84000000,2201411.53800000,196421070.04267000,829967,1141148.70600000,101841900.05510000
1774051200000,89.85000000,90.81000000,87.14000000,87.56000000,1241845.22500000,111256092.32793000,430506,589404.90400000,52823146.38536000
1774137600000,87.55000000,89.20000000,85.14000000,86.20000000,2138087.13100000,186560079.07073000,792987,1065007.56200000,92967551.62580000
1774224000000,86.21000000,92.26000000,85.11000000,91.43000000,4561706.38800000,408668711.98439000,1666603,2388137.44200000,214071488.82523000
1774310400000,91.44000000,92.22000000,88.42000000,90.80000000,3086042.52600000,278959551.29154000,1020843,1573214.53800000,142300286.21540000
1774396800000,90.80000000,93.47000000,90.71000000,91.70000000,2652534.79800000,244373310.11937000,844728,1385531.89100000,127648577.52073000
1774483200000,91.70000000,91.98000000,85.45000000,86.53000000,3566192.73600000,313848720.77040000,864864,1628293.11300000,143147982.57771000
1774569600000,86.52000000,87.04000000,81.86000000,83.11000000,2840562.07000000,239097154.26725000,817296,1374893.66600000,115499135.75521000
1774656000000,83.11000000,84.29000000,81.69000000,82.09000000,1667010.09900000,138586353.26362000,451858,839405.53800000,69802161.57468000
1774742400000,82.09000000,83.24000000,78.96000000,81.44000000,1624673.47500000,132619257.69694000,523110,775501.50500000,63354370.06667000
1774828800000,81.45000000,84.99000000,81.15000000,82.54000000,3025854.68700000,252604976.45833000,887139,1564663.74200000,130589188.37782000
1774915200000,82.55000000,84.62000000,80.08000000,83.20000000,4272567.42600000,350168600.26211000,1157793,2164590.90800000,177385436.83912000
1775001600000,83.19000000,86.65000000,80.77000000,81.18000000,4676736.12000000,390375500.93046000,1221698,2333531.44300000,194797172.67961000
1775088000000,81.19000000,81.77000000,76.70000000,78.94000000,4210024.26300000,332877124.59013000,1149760,2218883.41000000,175437554.00219000
1775174400000,78.95000000,80.91000000,78.85000000,80.40000000,2230839.74000000,178180006.68359000,585265,1241609.84200000,99223794.92358000
1775260800000,80.39000000,81.61000000,79.57000000,80.83000000,1562930.76700000,126024814.13980000,339581,778904.62500000,62795240.72960000
1775347200000,80.84000000,82.13000000,78.52000000,81.89000000,1732438.55800000,138744190.87240000,530668,857730.95900000,68713421.78504000
1775433600000,81.89000000,83.20000000,79.60000000,80.03000000,2730370.56400000,223718858.15637000,836312,1352929.85300000,110889479.01967000
1775520000000,80.03000000,87.02000000,78.38000000,85.56000000,4312598.52000000,352019236.78463000,1320957,2196613.78800000,179326729.89516000
1775606400000,85.56000000,85.90000000,82.24000000,82.57000000,2952758.54800000,248176777.53562000,910454,1433720.96300000,120512567.71634000
1775692800000,82.56000000,85.95000000,81.40000000,83.33000000,2775927.62900000,231023182.06021000,900238,1450802.07500000,120872713.71972000
1775779200000,83.33000000,85.67000000,82.62000000,84.83000000,2186078.34300000,183586491.42502000,684681,1137103.61800000,95446839.46211000
1775865600000,84.83000000,86.26000000,83.80000000,84.93000000,1570901.88300000,133250533.99659000,479797,811280.27600000,68846599.98710000
1775952000000,84.94000000,85.00000000,81.27000000,81.53000000,2174791.86600000,179048096.72296000,639807,1035637.21800000,85258545.55518000
1776038400000,81.54000000,86.81000000,81.40000000,86.51000000,2950390.41500000,246881043.41407000,1038169,1566990.35200000,131151982.59805000
1776124800000,86.51000000,87.67000000,83.30000000,83.72000000,3532984.69200000,302583169.25849000,949683,1751000.13400000,150075267.69665000
1776211200000,83.72000000,85.83000000,82.65000000,84.90000000,2602448.59300000,218518458.54018000,866567,1313551.25900000,110300208.48276000
1776297600000,84.90000000,90.53000000,83.80000000,89.05000000,3940291.34100000,342538921.72054000,1188495,2104470.31800000,183179493.87041000
1776384000000,89.06000000,90.73000000,87.34000000,88.76000000,4237208.38800000,377307282.79799000,1177055,2275080.60000000,202651717.47248000
